,url,title,us : 0 / kr : 1,hub score,authorities score
0,https://www.nytimes.com/2020/11/03/us/elections/in-florida-trump-shows-strength-with-latino-voters.html?searchResultPosition=1,플로리다에서 트럼프는 라틴계 유권자와의 힘을 보여줍니다.,0,3.855907447228632e-48,1.4074062181096328e-46
1,02100601.20201104103421002,[속보] '최대 승부처' 플로리다 트럼프로 기울었다…트럼프 50.7% 바이든 48.5%,1,3.855907447228632e-48,2.0105803115851901e-47
2,02100601.20201104105637001,[속보] 트럼프 '최대 승부처' 플로리다 승기 굳혔다…트럼프 50.9% 바이든 48.2%,1,3.855907447228632e-48,2.0105803115851901e-47
3,02100701.20201104115258001,"플로리다 승리 눈앞에 둔 트럼프, 라틴계 표심 공략 적중",1,3.855907447228632e-48,2.0105803115851901e-47
4,02100701.20201104145407001,"플로리다 거머쥔 트럼프, 라틴계 표심 공략 적중",1,3.855907447228632e-48,2.0105803115851901e-47
5,02100801.20201104143649001,"CNN ""플로리다 등 경합주 라틴계 유권자, 4년 전보다 트럼프 더 지지""",1,3.855907447228632e-48,2.0105803115851901e-47
6,02100851.20201104100733001,"​[트럼프 vs 바이든] '최대 격전지' 플로리다서 트럼프 ""역전""...80% 이상 개표(상보)",1,3.855907447228632e-48,2.0105803115851901e-47
7,02100851.20201104112757001,"[트럼프 VS 바이든] ""내가 이겼다""...트럼프 플로리다 승리 선언",1,3.855907447228632e-48,2.0105803115851901e-47
8,https://www.nytimes.com/2020/11/03/us/politics/exit-polls.html?searchResultPosition=6,종료 여론 조사는 전염병 대 경제와의 투표가 내려 왔습니다.,0,1.267840454727442e-72,4.627617659331603e-71
9,02100101.20201104174932001,또 빗나간 여론조사…샤이 트럼프·사전투표 위력 못읽었다,1,1.267840454727442e-72,2.3138088296658016e-71
10,08100401.20201103150004001,미국 대선 투표 시작...여론조사에선 바이든 우세,1,1.267840454727442e-72,2.3138088296658016e-71
11,https://www.nytimes.com/2020/11/03/us/politics/trump-ohio-biden.html?searchResultPosition=7,오하이오를 잃으면 트럼프의 길은 훨씬 좁습니다.,0,3.603419300837464e-86,1.3152480446852915e-84
12,02100851.20201105084318001,"[트럼프 vs 바이든] 진흙탕 길 들어선 대선…트럼프 ""미시간·펜실베이니아 개표 중단해라""",1,3.603419300837464e-86,1.3152480446852915e-84
13,https://www.nytimes.com/2020/11/04/us/politics/poll-results.html?searchResultPosition=5,설문 조사는 트럼프 - 다시 과소 평가되었습니다.,0,3.603419300837464e-86,1.3152480446852915e-84
14,02100311.20201103070108001,트럼프 “가짜 여론조사 믿지 마라” vs 바이든 “트럼프 집에 갈 시간”,1,3.603419300837464e-86,1.3152480446852915e-84
15,https://www.nytimes.com/2020/11/04/us/politics/trump-election-courts.html?searchResultPosition=6,"다시 선거 할 길을 좁히고, 트럼프는 법원으로 변합니다.",0,8.451158802247114e-31,3.0846729625378605e-29
16,01100701.20201106090819002,"[속보] 트럼프 ""선거 과정이 대법원에서 끝날 수도 있다""",1,8.451158802247114e-31,1.814513507375212e-30
17,02100101.20201106090859001,"[속보] 트럼프 ""선거 과정이 대법원에서 끝날 수도 있다""<로이터>",1,8.451158802247114e-31,1.814513507375212e-30
18,02100311.20201104174925001,"트럼프vs反트럼프, 흑vs백 극한갈등…美 '선거 후유증'",1,8.451158802247114e-31,1.814513507375212e-30
19,02100311.20201106090815001,[속보] 트럼프 “선거 과정이 대법원에서 끝날 수도 있다”<로이터>,1,8.451158802247114e-31,1.814513507375212e-30
20,02100601.20201104163601001,"[속보] 트럼프 ""우리가 선거 이겼다…선거결과 경이로워""",1,8.451158802247114e-31,1.814513507375212e-30
21,02100701.20201104171626001,"트럼프 ""선거 이겼다…경이로워"" 선언…""사기선거, 대법원 갈 것""",1,8.451158802247114e-31,1.814513507375212e-30
22,02100701.20201106091113001,"[속보] 트럼프 ""선거 과정이 대법원에서 끝날 수도 있다""<로이터>",1,8.451158802247114e-31,1.814513507375212e-30
23,02100801.20201104152020001,"트위터, 트럼프 '선거 훔친다' 트윗 제재…""선거절차 오해 불러""",1,8.451158802247114e-31,1.814513507375212e-30
24,02100801.20201106084622002,"트럼프 캠프, 미시간·조지아 1심 패소…트럼프는 ""불법 선거"" 주장 지속",1,8.451158802247114e-31,1.814513507375212e-30
25,02100801.20201107101152001,"트럼프 '사기선거' 주장에 공화당 의원들 '선긋기'…""트럼프 찍지 않았다""",1,8.451158802247114e-31,1.814513507375212e-30
26,02100851.20201104151654001,"[트럼프 VS 바이든] ""선거 훔치지 마라""...뿔난 트럼프도 입 연다(종합)",1,8.451158802247114e-31,1.814513507375212e-30
27,02100851.20201106090610001,"[속보] 트럼프, 선거 불복 시사...""합법적인 표는 내가 승리, 美선거 부패""",1,8.451158802247114e-31,1.814513507375212e-30
28,02100851.20201106091455001,"[트럼프 vs 바이든] 트럼프 '선거불복' 시사에 CNN ""위험하고 불법적이며 비합리""(2보)",1,8.451158802247114e-31,1.814513507375212e-30
29,07101201.20201106092243001,"[속보] 트럼프 ""선거 과정이 대법원에서 끝날 수도 있다""",1,8.451158802247114e-31,1.814513507375212e-30
30,08100301.20201106201540001,"""선거 조작…대법원서 끝날 수도"" 트럼프, 사실상 불복",1,8.451158802247114e-31,1.814513507375212e-30
31,08100401.20201106100403001,"트럼프, 부정 선거 주장...""선거 과정, 대법원에서 끝날 수 있다""",1,8.451158802247114e-31,1.814513507375212e-30
32,08100401.20201106104802001,"트럼프 '불복' 성명...바이든 ""승리 의심 없어"" vs 트럼프 ""선거 조작""",1,8.451158802247114e-31,1.814513507375212e-30
33,https://www.nytimes.com/2020/11/04/us/politics/trump-post-presidency-influence.html?searchResultPosition=10,"승리하거나 잃는, 트럼프는 강력하고 파괴적인 힘으로 남아있을 것입니다.",0,3.251511110087038e-12,1.1868015550731425e-10
34,01100201.20201104043502001,백악관 대변인 “트럼프 오늘밤 압도적 승리할 것” 자신,1,3.251511110087038e-12,2.697276261529868e-12
35,01100201.20201104094312001,"[속보] 트럼프, 인디애나·켄터키 승리…바이든은 버몬트 승리",1,3.251511110087038e-12,2.697276261529868e-12
36,01100201.20201104174917001,개표 안 끝났는데…트럼프 “대선 승리” 선언하고 “연방대법원 갈 것”,1,3.251511110087038e-12,2.697276261529868e-12
37,01100401.20201103030110001,"“트럼프, 대선 당일 밤 개표서 앞서면 승리 선언할것”",1,3.251511110087038e-12,2.697276261529868e-12
38,01100611.20201104152749001,[미 대선] 바이든 “승리 낙관” 발표 직후 트럼프 “승리 훔치려 한다”(종합),1,3.251511110087038e-12,2.697276261529868e-12
39,01100701.20201104085933001,승리 자신감 보인 트럼프 “선거인단 306명 이상 확보… 재선 성공할 것”,1,3.251511110087038e-12,2.697276261529868e-12
40,01100701.20201104155957001,"트럼프·바이든 기싸움…""큰승리"" vs ""승리로 가고있다""",1,3.251511110087038e-12,2.697276261529868e-12
41,01100701.20201104173758001,‘우편투표 중대한 사기’…승리 선언한 트럼프 “대법원에 갈 것”,1,3.251511110087038e-12,2.697276261529868e-12
42,01100701.20201106150819001,"중국 “트럼프 패배해도 제2, 제3의 트럼프 나올 것“",1,3.251511110087038e-12,2.697276261529868e-12
43,01100801.20201106015006001,트럼프 “바이든이 승리 주장한 모든 주에 법적 대응할 것”,1,3.251511110087038e-12,2.697276261529868e-12
44,01100901.20201104062944001,"백악관 대변인 ""트럼프 오늘밤 압도적 승리할 것""",1,3.251511110087038e-12,2.697276261529868e-12
45,01101101.20201103233116001,"[美 대선] 트럼프 ""대선 승리할 수 있을 것""",1,3.251511110087038e-12,2.697276261529868e-12
46,01101101.20201104160813001,"[美 대선] 바이든, 먼저 승리선언... 트럼프는 ""우편투표, 연방대법 끌고갈 것""",1,3.251511110087038e-12,2.697276261529868e-12
47,01101101.20201107070037001,"[美 대선] ""백악관 무단침입자 트럼프 끌어낼 것"" 바이든 '승리 선언' 임박",1,3.251511110087038e-12,2.697276261529868e-12
48,01500601.20201104162914001,"[속보] 트럼프 ""텍사스 승리 반영 X, 모두 합하면 승리 확실""",1,3.251511110087038e-12,2.697276261529868e-12
49,02100101.20201103150826001,"`첫 승리` 트럼프, 뉴햄프셔 2개 마을서 16표 대 10표로 승리",1,3.251511110087038e-12,2.697276261529868e-12
50,02100101.20201106063136001,"트럼프 ""바이든 승리 모든 주에 법적 이의 제기할 것""",1,3.251511110087038e-12,2.697276261529868e-12
51,02100201.20201103223014001,"막오른 선거일...트럼프 첫마디는 ""기분 좋다...승리할 것""",1,3.251511110087038e-12,2.697276261529868e-12
52,02100201.20201104164354001,"트럼프-바이든 모두 ""승리 장담""…트럼프 9개 경합주 우위",1,3.251511110087038e-12,2.697276261529868e-12
53,02100311.20201104160900001,"바이든 ""승리 선언은 나도, 트럼프도 아닌 국민이 하는 것""",1,3.251511110087038e-12,2.697276261529868e-12
54,02100601.20201104140245001,[속보] 트럼프 '격전지' 아이오와 사실상 승리…트럼프 52.1% 바이든 46.1%,1,3.251511110087038e-12,2.697276261529868e-12
55,02100601.20201104155838001,"트럼프 ""큰 승리, 곧 입장 발표할 것""…바이든에 '반박'",1,3.251511110087038e-12,2.697276261529868e-12
56,02100601.20201106015353001,"트럼프 ""바이든 승리 주장 모든 주에 법적 대응 나설 것""",1,3.251511110087038e-12,2.697276261529868e-12
57,02100701.20201103145308001,첫 투표 ‘딕스빌노치’서 바이든 승리…옆동네 밀스필드는 트럼프 승리,1,3.251511110087038e-12,2.697276261529868e-12
58,02100701.20201105113446002,"샌더스 예언이 맞았다…“트럼프 승리 선언하고, 우편투표 사기 주장할 것”",1,3.251511110087038e-12,2.697276261529868e-12
59,02100701.20201106054051001,[인더머니]트럼프 “바이든 승리 주장 모든 주에 법적 이의 제기할 것”,1,3.251511110087038e-12,2.697276261529868e-12
60,02100801.20201105053543001,"[속보] 트럼프 선대본부장 ""펜실베이니아 승리 선언 할 것""",1,3.251511110087038e-12,2.697276261529868e-12
61,02100851.20201103153743001,"​[트럼프 VS 바이든] '美대선 첫 승리'...바이든, 딕스빌 노치서 5:0 승리",1,3.251511110087038e-12,2.697276261529868e-12
62,02100851.20201104091856001,​[트럼프 vs 바이든] '승리선언' 켄터키는 트럼프·버몬트는 바이든...各 8명·3명(속보),1,3.251511110087038e-12,2.697276261529868e-12
63,02100851.20201104095953001,속보 [트럼프 VS 바이든] 사우스캐롤라이나 트럼프 승리,1,3.251511110087038e-12,2.697276261529868e-12
64,02100851.20201104111057001,[트럼프 VS 바이든] 네브래스카·와이오밍·사우스다코타서 트럼프 승리(속보),1,3.251511110087038e-12,2.697276261529868e-12
65,02100851.20201104145729001,"[트럼프 VS 바이든] ""펜실베이니아 승리할 것""...희망 고문하는 바이든(종합)",1,3.251511110087038e-12,2.697276261529868e-12
66,02100851.20201104151542001,"[트럼프 VS 바이든] 트럼프, 텍사스주 승리 선언...38명 추가(속보)",1,3.251511110087038e-12,2.697276261529868e-12
67,02100851.20201104215407001,[트럼프 VS 바이든] 선거인단 6명 아칸소 트럼프 대통령 승리 확정,1,3.251511110087038e-12,2.697276261529868e-12
68,02100851.20201106085528001,[트럼프 vs 바이든] 트럼프 “합법적 표는 내가 승리...민주당 승리 훔쳐”(속보),1,3.251511110087038e-12,2.697276261529868e-12
69,02100851.20201107095553001,"[트럼프 VS 바이든] 패배 직감한 트럼프 ""바이든 승리 선언 안돼""",1,3.251511110087038e-12,2.697276261529868e-12
70,08100101.20201105211801001,바이든 “승리할 것”…트럼프 우회 비판,1,3.251511110087038e-12,2.697276261529868e-12
71,08100301.20201104195059001,"트럼프, 개표 중 '승리 선언'…""연방대법원 가져갈 것""",1,3.251511110087038e-12,2.697276261529868e-12
72,08100401.20201104182603001,"트럼프 ""큰 승리"" vs 바이든 ""승리로 가고 있어""",1,3.251511110087038e-12,2.697276261529868e-12
73,08100401.20201104205206001,"트럼프 ""우리가 대선 승리...대법원으로 갈 것""",1,3.251511110087038e-12,2.697276261529868e-12
74,08100401.20201106021803001,"트럼프 ""바이든 승리 주장 모든 주에 법적 이의 제기할 것""",1,3.251511110087038e-12,2.697276261529868e-12
75,08100401.20201106095003001,"트럼프 ""합법적 개표는 승리""...바이든 ""승리 확신""",1,3.251511110087038e-12,2.697276261529868e-12
76,08100401.20201107114403001,"트럼프 ""바이든, 대통령 당선 선언해선 안 돼...승리 돌아올 것""",1,3.251511110087038e-12,2.697276261529868e-12
77,08100101.20201105192411002,바이든 “승리할 것”…대선 승리 기정사실화 박차,1,3.251511110087038e-12,2.697276261529868e-12
78,https://www.nytimes.com/2020/11/04/us/politics/trump-twitter-labels.html?searchResultPosition=3,트위터 플래그는 트럼프로 게시물로 승리의 조기 또는 기지가없는 사람들에게 선거 사기에 관한 것입니다.,0,0.01369863013497396,0.49999999988078525
79,01100201.20201106042126001,"끝나지 않은 트럼프 “바이든 승리? 사기, 모든 주 소송”",1,0.01369863013497396,0.0069444444427886835
80,01100201.20201107005205001,트럼프 캠프 “선거 안 끝났다”…바이든 우세에 ‘사기’ 주장,1,0.01369863013497396,0.0069444444427886835
81,01100501.20201104163004002,바이든 “승리로 가고 있다”…트럼프 “선거 훔치려 해”,1,0.01369863013497396,0.0069444444427886835
82,01100611.20201103073756001,“트럼프 조기승리선언 구상” 보도에 신경전 최고조,1,0.01369863013497396,0.0069444444427886835
83,01100611.20201104153817001,"[미 대선] 외신 “트럼프, ‘핵심 경합주’ 플로리다서 승리할 것” 예측",1,0.01369863013497396,0.0069444444427886835
84,01100611.20201104170807001,"[미 대선] 트럼프 “선거 승리” 주장…“우편투표, 대법원 간다” 불복 시사",1,0.01369863013497396,0.0069444444427886835
85,01100611.20201106104319001,"바이든, 트럼프 ‘선거조작설’에 “민주주의 빼앗지 못할 것”",1,0.01369863013497396,0.0069444444427886835
86,01100611.20201107093408001,패색 짙어진 트럼프 “선거일밤 모든 주에서 승리하고 있었는데…”,1,0.01369863013497396,0.0069444444427886835
87,01100701.20201104171812001,"승리선언한 트럼프 ""우편투표 중대한 사기…대법원 가겠다""",1,0.01369863013497396,0.0069444444427886835
88,01100701.20201105120152001,"민경욱 “트럼프, 4·15 부정선거 ‘음모론’ 아니라고 느낄 것”",1,0.01369863013497396,0.0069444444427886835
89,01100701.20201105151417002,"‘대선 사기’ 주장 트럼프 트위터 계정… 민주당 “거짓말과 허위 정보, 트위터가 조치해야”",1,0.01369863013497396,0.0069444444427886835
90,01100701.20201105183215001,“선거 사기” “트럼프 퇴진”… 총기까지 들고 격렬한 시위 [2020 미국의 선택],1,0.01369863013497396,0.0069444444427886835
91,01100701.20201106085954001,"[속보] 트럼프 ""민주당이 선거 훔치지 않는 한 이길 것""",1,0.01369863013497396,0.0069444444427886835
92,01100701.20201106102941001,트럼프 “바이든 승리 주장 모든 주(州) 유권자·선거 사기”,1,0.01369863013497396,0.0069444444427886835
93,01100801.20201104075155001,"바이든, 트럼프 조기 승리 발표? “대답할 필요 못 느껴”",1,0.01369863013497396,0.0069444444427886835
94,01100801.20201104161104001,“저들이 선거 도둑질하려한다” 승리 방어벽 친 트럼프,1,0.01369863013497396,0.0069444444427886835
95,01100801.20201106142129002,“부정선거 증거 보내라” 트럼프 차남 트위터가 ‘음모론’ 집결지로,1,0.01369863013497396,0.0069444444427886835
96,01100801.20201106170105001,"“선거 이후 트럼프가 올린 트위터 글 중 38% 경고 조치""",1,0.01369863013497396,0.0069444444427886835
97,01100901.20201103223930001,[美대선] 트위터·페이스북 '조기 승리선언' 막는다…트럼프 겨냥,1,0.01369863013497396,0.0069444444427886835
98,01100901.20201104150500001,"트럼프 ""대승"" 트윗 가린 트위터…""선거절차 오해 불러""",1,0.01369863013497396,0.0069444444427886835
99,01100901.20201105090550001,"부정선거 외치던 민경욱 ""트럼프도 이제 뭔가 이상하다 느낄것""",1,0.01369863013497396,0.0069444444427886835
100,01100901.20201105115913002,"선거소송 개시한 트럼프, ""자신이 지명한 대법관 배럿에 당할 것!""",1,0.01369863013497396,0.0069444444427886835
101,01100901.20201106104151001,"바이든, 트럼프 '선거조작설' 주장에…""민주주의 빼앗지 못할 것""",1,0.01369863013497396,0.0069444444427886835
102,01101001.20201104151839001,바이든 “우린 승리로 가고 있다” 트럼프 “그들이 선거 훔치려 한다”,1,0.01369863013497396,0.0069444444427886835
103,01101001.20201104205848001,팡파르 속 등장한 트럼프 “이번 선거는 사기”,1,0.01369863013497396,0.0069444444427886835
104,01101101.20201103093439001,[美 대선] 트럼프의 '조기 승리선언' 가능성에 긴장하는 미국 사회,1,0.01369863013497396,0.0069444444427886835
105,01101101.20201104090437002,[美 대선] 트럼프 일단 백악관에... '조기 승리 선언' 여부는 미지수,1,0.01369863013497396,0.0069444444427886835
106,01101101.20201106092646001,"[美 대선] 트럼프 ""합법 투표라면 내가 쉽게 승리... 불법 투표로 선거 훔치려 해""",1,0.01369863013497396,0.0069444444427886835
107,01500601.20201105141501001,승리 자신하던 '트럼프의 트위터'…잇따라 경고 조치,1,0.01369863013497396,0.0069444444427886835
108,01500601.20201105163651001,"민경욱, 트럼프 트위터 리트윗 ""미국도 한국도 부정선거""",1,0.01369863013497396,0.0069444444427886835
109,01500701.20201104161416001,"트위터, 트럼프 ""우리가 크게 이겼다"" 트윗 제재…""선거절차 오해 불러""",1,0.01369863013497396,0.0069444444427886835
110,01500701.20201106085844001,"[속보] 트럼프 ""민주당이 선거 훔치지 않는 한 이길 것""",1,0.01369863013497396,0.0069444444427886835
111,02100101.20201105090521001,"민경욱 ""트럼프, 4·15총선 부정선거 음모 아니라 느낄 것""",1,0.01369863013497396,0.0069444444427886835
112,02100101.20201106090126001,"[속보] 트럼프 ""민주당이 선거 훔치지 않는 한 이길 것""",1,0.01369863013497396,0.0069444444427886835
113,02100101.20201106181830001,"트위터의 경고딱지 세례받은 트럼프 버럭 ""트위터는 통제 불능""",1,0.01369863013497396,0.0069444444427886835
114,02100101.20201106205221001,"""도둑질을 멈춰라"" 트럼프 자녀들도 `선거사기` 주장",1,0.01369863013497396,0.0069444444427886835
115,02100201.20201104151603001,"바이든 ""승리 궤도"" vs 트럼프 ""선거 훔치려해…대승""",1,0.01369863013497396,0.0069444444427886835
116,02100201.20201105072338001,"'부정선거 주장' 민경욱 ""트럼프도 이제 뭔가 이상하다 느낄 것""",1,0.01369863013497396,0.0069444444427886835
117,02100201.20201106095032001,"트럼프 ""부패 선거·사기""…16분간 '불복선언' 외쳐(종합)",1,0.01369863013497396,0.0069444444427886835
118,02100311.20201103110053001,트럼프 개표초반 승리 선언하면 트위터에 경고 딱지 붙는다,1,0.01369863013497396,0.0069444444427886835
119,02100311.20201104073115001,"[2020 미국의 선택] 트위터, ‘섣부른 승리선언’ 제재...트럼프 발 동동(?)",1,0.01369863013497396,0.0069444444427886835
120,02100311.20201104165534001,"개표 중인데 트럼프 승리선언...""멋대로 선거 끝내나"" 민주당 반발",1,0.01369863013497396,0.0069444444427886835
121,02100311.20201105092552001,"부정선거 민경욱..트럼프 동병상련? ""이제서야 이상하다 느낄것""",1,0.01369863013497396,0.0069444444427886835
122,02100311.20201106112647001,"트럼프, 미 대선 사실상 불복... ""선거 조작돼, 대법원서 결판 날 것""",1,0.01369863013497396,0.0069444444427886835
123,02100501.20201103183443001,"트럼프, 조기 승리선언 노림수… 밀리면 부정선거 소송 불사 [2020 미국의 선택]",1,0.01369863013497396,0.0069444444427886835
124,02100601.20201103072605001,트럼프 조기승리선언 가능성에…양 캠프 막판 신경전 '팽팽',1,0.01369863013497396,0.0069444444427886835
125,02100601.20201103203451001,"여차하면 '조기 승리선언'하려는 트럼프…트위터, 페북 ""안돼""",1,0.01369863013497396,0.0069444444427886835
126,02100601.20201104163913001,"[속보] 트럼프, 백악관 연설에서 ""국민에 대한 사기선거"" 주장",1,0.01369863013497396,0.0069444444427886835
127,02100601.20201106204336001,트럼프 이어 자녀들도 '선거사기' SNS 공세[미국 대선],1,0.01369863013497396,0.0069444444427886835
128,02100601.20201107013048001,"트럼프 ""선거 안끝나""…바이든 앞선 경합주 사기 거듭 주장",1,0.01369863013497396,0.0069444444427886835
129,02100701.20201103143237001,"[속보] 바이든, 첫 선거 ‘딕스빌 노치’서 5표 얻어 승리…트럼프는 0표",1,0.01369863013497396,0.0069444444427886835
130,02100701.20201104152919001,바이든 '승리 낙관' 연설에 트럼프 “우리가 대승…선거 훔치려 해”,1,0.01369863013497396,0.0069444444427886835
131,02100701.20201106205844001,"""선거 사기, 공화당 맞서 싸워달라"" 트럼프 자녀들도 나섰다",1,0.01369863013497396,0.0069444444427886835
132,02100801.20201103205501001,페이스북·트위터·유튜브 대선 ‘조기 승리’ 선언 막는다…트럼프 겨냥,1,0.01369863013497396,0.0069444444427886835
133,02100801.20201105055659001,"트럼프 선대본부장 ""펜실베이니아서 승리 선언 할 것""(상보)",1,0.01369863013497396,0.0069444444427886835
134,02100801.20201105114952002,"선거당일 '승리'외친 바이든·트럼프, 북부 경합주 개표에 희비",1,0.01369863013497396,0.0069444444427886835
135,02100801.20201106093201001,"트럼프 ""부정부패 없었으면 쉽게 이겼을 선거…대법원에서 결정 내릴 것""(상보)",1,0.01369863013497396,0.0069444444427886835
136,02100801.20201106144225001,"트럼프 '사기 선거' 주장에…공화당 ""개표 계속해야"" 선긋기",1,0.01369863013497396,0.0069444444427886835
137,02100851.20201104150501001,"[트럼프 VS 바이든] 트럼프 ""곧 입장표명""...트윗서 '큰 승리' 주장(1보)",1,0.01369863013497396,0.0069444444427886835
138,02100851.20201106093941001,"[트럼프 VS 바이든] '선거불복' 시사한 트럼프, 위태로운 美 '평화 선거'(종합)",1,0.01369863013497396,0.0069444444427886835
139,02100851.20201106212729001,​트럼프 아들·딸도 SNS에 '선거사기' 주장,1,0.01369863013497396,0.0069444444427886835
140,07101201.20201104164149001,"[속보] 트럼프, 백악관 연설에서 ""국민에 대한 사기선거"" 주장",1,0.01369863013497396,0.0069444444427886835
141,07101201.20201106091106001,"[속보] 트럼프 ""민주당이 선거 훔치지 않는 한 이길 것""",1,0.01369863013497396,0.0069444444427886835
142,08100101.20201104062339001,백악관 긴장 속 차분…트럼프 조기 승리 선언?,1,0.01369863013497396,0.0069444444427886835
143,08100301.20201106155815001,"바이든, 승리 눈앞에…""선거 도둑질"" 트럼프 격앙",1,0.01369863013497396,0.0069444444427886835
144,08100401.20201104165803001,"[생생경제] 평판 나쁜 트럼프, 평판관리는 잘해..선거 이길것으로",1,0.01369863013497396,0.0069444444427886835
145,08100401.20201105102203001,"총선 부정선거 주장한 민경욱 ""트럼프도 뭔가 이상하다고 느낄 것""",1,0.01369863013497396,0.0069444444427886835
146,08100401.20201106104603001,"트럼프, '부정선거' 법적 대응 천명...바이든 ""승리 확신""",1,0.01369863013497396,0.0069444444427886835
147,08100401.20201106114802001,"트럼프 ""선거 부정"" 불복 시사...바이든 ""승리 확신""",1,0.01369863013497396,0.0069444444427886835
148,08100401.20201106151203001,"바이든 승리 가까워오자 트럼프 ""선거 조작"" 불복 예고",1,0.01369863013497396,0.0069444444427886835
149,08100401.20201106185803001,"바이든 승리 가까워오자 트럼프 ""선거 조작"" 불복 예고",1,0.01369863013497396,0.0069444444427886835
150,08100401.20201106220404001,트럼프 자녀들도 트위터에 '선거 사기' 주장,1,0.01369863013497396,0.0069444444427886835
151,https://www.nytimes.com/2020/11/05/business/media/trump-tv.html?searchResultPosition=6,트럼프의 근거없는 사기 주장에서 멀리 떨어진 주요 네트워크,0,4.460817030840428e-59,1.6281982161077293e-57
152,01100611.20201106174807001,‘우투 사기’ 주장 동조없는 공화당 협박하는 트럼프 가족들,1,4.460817030840428e-59,4.070495540269323e-58
153,01100701.20201107005423001,"美공화당 의원 ""트럼프 '부정선거' 주장, 근거 없다"" 혹평",1,4.460817030840428e-59,4.070495540269323e-58
154,02100801.20201106204813001,"트럼프 자녀들, '대선 사기' 주장",1,4.460817030840428e-59,4.070495540269323e-58
155,08100301.20201106201651001,"'사기' 주장, 공화당마저 선 그어…입지 좁아진 트럼프",1,4.460817030840428e-59,4.070495540269323e-58
156,https://www.nytimes.com/2020/11/05/us/politics/trump-james-baker.html?searchResultPosition=1,2000 년 플로리다의 플로리다에서 트럼프가 회장단을 구하기 위해 법원을 보호합니다.,0,1.0241533632431202e-54,3.7381597754952403e-53
157,01100701.20201105103617001,"트럼프, 재검표 요구·소송 언급…되살아난 20년 전 '플로리다 악몽' [혼돈의 美대선]",1,1.0241533632431202e-54,7.47631955099048e-54
158,01100701.20201105161505001,"트럼프, 우편투표 소송 현실화… 되살아난 20년 전 '플로리다의 악몽'",1,1.0241533632431202e-54,7.47631955099048e-54
159,01100701.20201108035051001,"'좌충우돌 4년' 트럼프, 28년만의 현직 대통령 패배",1,1.0241533632431202e-54,7.47631955099048e-54
160,02100851.20201104100942001,[트럼프 VS 바이든] 치고나가는 트럼프...대어 '플로리다'서 엎치락뒤치락,1,1.0241533632431202e-54,7.47631955099048e-54
161,08100401.20201108125603001,"'좌충우돌 4년' 트럼프, 28년 만의 현직 대통령 패배",1,1.0241533632431202e-54,7.47631955099048e-54
162,https://www.nytimes.com/2020/11/05/us/politics/trump-news-conference.html?searchResultPosition=7,트럼프의 놀라운 뉴스 컨퍼런스,0,3.603419300837464e-86,1.3152480446852915e-84
163,02100701.20201107110250001,‘친(親) 트럼프’ 폭스뉴스도 트럼프와 결별,1,3.603419300837464e-86,1.3152480446852915e-84
164,https://www.nytimes.com/2020/11/05/us/politics/trump-presidency.html?searchResultPosition=9,"거짓말의 급류에서, 트럼프가 선거가 도난 당하고 있다고 주장합니다.",0,1.3566768236339051e-34,4.951870405810516e-33
165,01100611.20201107093810001,바이든 오늘밤 대국민연설 예정...트럼프는 “부정 선거” 주장,1,1.3566768236339051e-34,3.5370502898646555e-34
166,01100701.20201107005514001,"트럼프 캠프 ""선거 안 끝났다""…바이든 우세에 ""거짓 주장""",1,1.3566768236339051e-34,3.5370502898646555e-34
167,01100701.20201107080934001,트럼프 ‘부정선거’ 주장…美공화당 의원 “보기 힘들 정도” 혹평,1,1.3566768236339051e-34,3.5370502898646555e-34
168,01100901.20201104203935001,"""우리가 승리했다"" 트럼프 주장에, 美 민주·공화 모두 ""거짓말""",1,1.3566768236339051e-34,3.5370502898646555e-34
169,01101101.20201106153216002,'절친' 폭스뉴스마저 등 돌린 트럼프의 '부정선거' 주장,1,1.3566768236339051e-34,3.5370502898646555e-34
170,02100101.20201108114056001,[팩트체크]트럼프 주장 `선거부정` 오해와 진실,1,1.3566768236339051e-34,3.5370502898646555e-34
171,02100311.20201107101456001,트럼프에 싸늘한 美 언론...'부정선거' 주장에 생중계 끊기도,1,1.3566768236339051e-34,3.5370502898646555e-34
172,02100601.20201104163351001,"[속보] 트럼프 긴급 기자회견…""우리가 선거 이겼다"" 이른 주장",1,1.3566768236339051e-34,3.5370502898646555e-34
173,02100601.20201106111658001,"하태경 ""부정선거 주장하는 트럼프, 유일한 벗은 민모씨""",1,1.3566768236339051e-34,3.5370502898646555e-34
174,02100801.20201105112824003,"'부정선거 주장' 민경욱 ""트럼프, 이제 뭔가 이상하다 느낄 것""",1,1.3566768236339051e-34,3.5370502898646555e-34
175,02100851.20201106141550001,"페이스북, 선거조작 주장하는 '친 트럼프' 그룹 삭제",1,1.3566768236339051e-34,3.5370502898646555e-34
176,02100851.20201106201126001,"​하태경, 부정선거 주장 트럼프에 ""정신 차려라""",1,1.3566768236339051e-34,3.5370502898646555e-34
177,07101201.20201108091150001,"트럼프 지지자들 ""아직 안끝났다""…곳곳서 항의시위·선거부정 의혹 주장",1,1.3566768236339051e-34,3.5370502898646555e-34
178,08100401.20201107010603001,"트럼프 캠프 ""선거 안 끝났다...바이든 우세 거짓"" 주장",1,1.3566768236339051e-34,3.5370502898646555e-34
179,https://www.nytimes.com/2020/11/06/opinion/sunday/trump-biden-election.html?searchResultPosition=5,우리는 덤프 트럼프를 덤프합니다,0,3.603419300837464e-86,1.3152480446852915e-84
180,01500601.20201104151706001,"송별 집회 연 反트럼프 시위대 ""사라져"" vs 트럼프 ""우리가 대승""",1,3.603419300837464e-86,1.3152480446852915e-84
181,https://www.nytimes.com/2020/11/06/us/politics/biden-speech-address.html?searchResultPosition=4,펜실베이니아를 선도하는 Biden은 국가를 알려줍니다. '우리는이 경주에서 이기게 될 것입니다.,0,3.603419300837464e-86,1.3152480446852915e-84
182,02100601.20201108110405001,"[속보] 바이든 ""미국은 강력한 국가, 치유·단합하는 국가될 것""",1,3.603419300837464e-86,1.3152480446852915e-84
183,https://www.nytimes.com/2020/11/06/us/politics/election-courts.html?searchResultPosition=3,선거와 싸우는 곳이 법원에서 놀고있는 곳,0,3.603419300837464e-86,1.3152480446852915e-84
184,01100201.20201106211414001,"선거인단수 앞선 바이든, 남은 5곳 중 2곳만 이겨도 승리",1,3.603419300837464e-86,1.3152480446852915e-84
185,https://www.nytimes.com/2020/11/06/us/politics/mark-meadows-coronavirus.html?searchResultPosition=6,"트럼프의 직원의 장을 포함하여 백악관에서 6 명의 백악관, 코로나 바이러스가 있습니다.",0,1.4276512062165837e-14,5.210926902213581e-13
186,01100201.20201105150032001,"흉흉한 美, 백악관 근처서 ‘트럼프 지지자’ 4명 피습",1,1.4276512062165837e-14,1.3361351031316873e-14
187,01100611.20201105072750002,[속보] “바이든 선거인단 264명 vs 트럼프 214명”…바이든 유력,1,1.4276512062165837e-14,1.3361351031316873e-14
188,01100701.20201104142455001,"오후 2시 현재 선거인단, 바이든 209명-트럼프 118명",1,1.4276512062165837e-14,1.3361351031316873e-14
189,01100701.20201104164116001,美대선 트럼프 우세 속 폭력시위 우려…백악관 앞 수천명 모여,1,1.4276512062165837e-14,1.3361351031316873e-14
190,01100701.20201105071531001,"[속보] ""바이든, 매직넘버 270명 중 264명 확보…트럼프 214""",1,1.4276512062165837e-14,1.3361351031316873e-14
191,01100701.20201105080108001,"'트럼프 지지' 극우단체 대표 등 4명, 백악관 인근서 흉기 피습",1,1.4276512062165837e-14,1.3361351031316873e-14
192,01100701.20201105091044001,바이든 253명 vs 트럼프 213명…남은 지역은?,1,1.4276512062165837e-14,1.3361351031316873e-14
193,01100801.20201104175045001,“바이든 227명·트럼프 213명 선거인단 확보”,1,1.4276512062165837e-14,1.3361351031316873e-14
194,01100801.20201105031023003,유권자 3명중 1명 “경제가 가장 중요”… 트럼프 심판론 큰 효과 없어,1,1.4276512062165837e-14,1.3361351031316873e-14
195,01100801.20201105060114001,낙선위기 트럼프에 발빼기? 공화당 주지사 2명 “트럼프 안뽑았다”,1,1.4276512062165837e-14,1.3361351031316873e-14
196,01100801.20201107142006001,[속보]설상가상 트럼프...CNN “백악관 비서실장 코로나 확진”,1,1.4276512062165837e-14,1.3361351031316873e-14
197,01101101.20201107151907001,"트럼프 최측근, 백악관 비서실장 코로나19 확진",1,1.4276512062165837e-14,1.3361351031316873e-14
198,01200101.20201106073618001,"[속보] ""바이든, 매직넘버 270명 중 264명 확보…트럼프 214""",1,1.4276512062165837e-14,1.3361351031316873e-14
199,01500601.20201104130824001,[속보] 선거인단 바이든 131명 vs 트럼프 108명,1,1.4276512062165837e-14,1.3361351031316873e-14
200,01500601.20201104171742001,"[속보] 선거인단 확보, 바이든 227명 vs 트럼프 213명",1,1.4276512062165837e-14,1.3361351031316873e-14
201,02100101.20201105083519001,트럼프 지지 극우 대표 등 4명 백악관 인근서 참변,1,1.4276512062165837e-14,1.3361351031316873e-14
202,02100101.20201107144154001,대선 혼란 속 트럼프 최측근 백악관 비서실장 코로나19 확진,1,1.4276512062165837e-14,1.3361351031316873e-14
203,02100201.20201104173015001,"백악관 근처 수천 명이 몰려왔다…""트럼프 재선 땐 몇 달간 시위""",1,1.4276512062165837e-14,1.3361351031316873e-14
204,02100311.20201105065717001,"바이든, 선거인단 264명 '매직넘버 눈앞'…트럼프는 214명",1,1.4276512062165837e-14,1.3361351031316873e-14
205,02100311.20201107140036001,트럼프 최측근 코로나 확진…당선 멀어진 트럼프에 악재,1,1.4276512062165837e-14,1.3361351031316873e-14
206,02100601.20201104131744001,[속보] 선거인단 확보 트럼프 118명 vs 바이든 209명,1,1.4276512062165837e-14,1.3361351031316873e-14
207,02100601.20201105063351001,"[속보] CNN ""바이든 선거인단 253명 확보…트럼프는 213명""",1,1.4276512062165837e-14,1.3361351031316873e-14
208,02100601.20201107135446001,'트럼프 최측근' 백악관 비서실장도 코로나19 감염…총 30명 확진,1,1.4276512062165837e-14,1.3361351031316873e-14
209,02100601.20201108140337001,"""트럼프 포함 6명 뿐""…120년 간 재선 실패한 美 대통령은?",1,1.4276512062165837e-14,1.3361351031316873e-14
210,02100601.20201108174249002,'트럼프 당신은 해고야' 백악관 앞 수천명 환호,1,1.4276512062165837e-14,1.3361351031316873e-14
211,02100701.20201105065956001,"[속보] “바이든, 매직넘버 270명 중 264명 확보…트럼프 214”",1,1.4276512062165837e-14,1.3361351031316873e-14
212,02100701.20201107145758001,대선 패색 트럼프…백악관엔 또 코로나 공포,1,1.4276512062165837e-14,1.3361351031316873e-14
213,02100801.20201107131712002,트럼프 최측근 백악관 비서실장 코로나19 감염,1,1.4276512062165837e-14,1.3361351031316873e-14
214,02100801.20201108100501001,"트럼프 측근들 ""코로나 무시하던 트럼프, 결국 코로나로 패배""",1,1.4276512062165837e-14,1.3361351031316873e-14
215,02100851.20201104131438001,[트럼프 VS 바이든] '205명 VS 112명'...트럼프 맹추격 속 美서부 개표 시작(종합),1,1.4276512062165837e-14,1.3361351031316873e-14
216,02100851.20201104141757001,"​[트럼프 VS 바이든] 213명vs136명...바이든, 선거인단 우세 유지(속보)",1,1.4276512062165837e-14,1.3361351031316873e-14
217,02100851.20201104154545001,"​[트럼프 VS 바이든] 224명vs213명...바이든, 선거인단 우세...트럼프 추격(속보)",1,1.4276512062165837e-14,1.3361351031316873e-14
218,02100851.20201104203408001,​[트럼프 VS 바이든] '227명 VS 213명'...초박빙 판세 속 '바이든 역전' 가능성은?,1,1.4276512062165837e-14,1.3361351031316873e-14
219,02100851.20201105065209001,"​[트럼프 vs 바이든] 253명 vs 214명...바이든, 선거인단 우세 유지(속보)",1,1.4276512062165837e-14,1.3361351031316873e-14
220,02100851.20201105084853001,"[트럼프 vs 바이든] '264명 vs 214명'...바이든, 대선 승리까지 단 6명",1,1.4276512062165837e-14,1.3361351031316873e-14
221,07101201.20201105063050001,[속보] 바이든 선거인단 253명 확보…트럼프는 213명,1,1.4276512062165837e-14,1.3361351031316873e-14
222,07101201.20201105071228001,"[속보] ""바이든, 매직넘버 270명 중 264명 확보…트럼프 214""",1,1.4276512062165837e-14,1.3361351031316873e-14
223,07101201.20201107141101001,"`트럼프 최측근` 메도스 백악관 비서실장, 코로나19 감염",1,1.4276512062165837e-14,1.3361351031316873e-14
224,01100101.20201109102226001,"세계 5000만명, 미국 1000만명...바이든 ""나는 코로나 총사령관""",1,1.4276512062165837e-14,1.3361351031316873e-14
225,https://www.nytimes.com/2020/11/06/us/politics/pennsylvanias-vote-count-crawls-forward-as-trump-scores-a-minor-legal-victory.html?searchResultPosition=9,펜실베니아의 투표 수는 트럼프가 사소한 법적 승리를 얻으므로 앞으로 앞으로 크롤링됩니다.,0,1.1391556366631499e-26,4.157918073439928e-25
226,01100701.20201105043926001,승리 낙관하는 바이든 캠프…우편투표 문제삼는 트럼프,1,1.1391556366631499e-26,1.979960987352347e-26
227,01100701.20201108132624001,"바이든 선거인단 290명, 실제 투표에서 트럼프 지지할 수 있다? 없다?",1,1.1391556366631499e-26,1.979960987352347e-26
228,01100901.20201104162630001,"트럼프 ""바이든, 우릴 따라잡을 수 없다"" 사실상 승리선언",1,1.1391556366631499e-26,1.979960987352347e-26
229,01100901.20201106174301001,"대법원까지 가겠다는 트럼프 ""합법적 투표만 보면 내가 승리""",1,1.1391556366631499e-26,1.979960987352347e-26
230,01500601.20201104213506001,"펜실베니아 트럼프 55% vs 바이든 43.6% ""선거인단 20명…1/3 우편투표""",1,1.1391556366631499e-26,1.979960987352347e-26
231,02100101.20201104174829001,"우편투표 남았지만…트럼프, 새벽에 불쑥 승리선언",1,1.1391556366631499e-26,1.979960987352347e-26
232,02100311.20201104175021001,"트럼프 ""우편투표 사기""…소송땐 연방대법서 승부 결정 날수도",1,1.1391556366631499e-26,1.979960987352347e-26
233,02100311.20201106054654001,트럼프 “바이든 승리 주장 모든 주에 법적 이의 제기”…무더기 소송전,1,1.1391556366631499e-26,1.979960987352347e-26
234,02100311.20201106090155001,"트럼프 """"선거, 대법원서 끝날 수 있다""…법적 대응 나설듯",1,1.1391556366631499e-26,1.979960987352347e-26
235,02100311.20201106091443001,"법적 절차 예고한 트럼프 ""합법 투표만 계산하면 내가 쉽게 이겨""",1,1.1391556366631499e-26,1.979960987352347e-26
236,02100501.20201105182558001,열세 뒤집은 ‘트럼프의 뒷심’… 우편투표에 건 ‘바이든의 운명’ [트럼프 승기 잡았다],1,1.1391556366631499e-26,1.979960987352347e-26
237,02100601.20201104145727001,"[속보] 트럼프, 바이든이 승리 자신한 펜실베니아서 15P% 앞서",1,1.1391556366631499e-26,1.979960987352347e-26
238,02100601.20201105043126001,"바이든 ""승리 궤도 올랐다""…트럼프 ""우편 투표 매우 이상"" [미국 대선]",1,1.1391556366631499e-26,1.979960987352347e-26
239,02100601.20201106014836001,"트럼프 ""바이든 승리 주장 모든 주, 법적 대응하겠다"" [미국 대선]",1,1.1391556366631499e-26,1.979960987352347e-26
240,02100601.20201106090209001,"[속보] 트럼프 ""투표권 없는 데 우편투표 용지 보내""",1,1.1391556366631499e-26,1.979960987352347e-26
241,02100701.20201105094753001,"승리 선언하던 트럼프, 미시간·펜실베니아 이어 조지아서도 개표중단 소송",1,1.1391556366631499e-26,1.979960987352347e-26
242,07100501.20201106093355001,"[미국 대선]바이든 당선 눈 앞...트럼프 ""우편투표는 '사기'""",1,1.1391556366631499e-26,1.979960987352347e-26
243,08100101.20201107171050001,승리 눈 앞 바이든 “하나 되자”…트럼프 “포기 안 해”,1,1.1391556366631499e-26,1.979960987352347e-26
244,08100201.20201105063941001,"트럼프, 우편투표 비난…바이든은 '승리 낙관'",1,1.1391556366631499e-26,1.979960987352347e-26
245,08100301.20201107201743001,펜실베니아에 달린 '승리 선언'…트럼프 지지자 난입,1,1.1391556366631499e-26,1.979960987352347e-26
246,08100401.20201107115803001,"바이든, 펜실베니아에서도 역전...승리 초읽기",1,1.1391556366631499e-26,1.979960987352347e-26
247,https://www.nytimes.com/2020/11/06/us/politics/six-white-house-aides-including-trumps-chief-of-staff-have-the-coronavirus.html?searchResultPosition=7,트럼프의 직원을 포함한 6 개의 백악관 보좌관은 코로나 바이러스를 가지고 있습니다.,0,3.603419300837464e-86,1.3152480446852915e-84
248,08100401.20201104155802001,"6개 경합주 중 5개 트럼프 우세...""오후 늦게 당선인 윤곽""",1,3.603419300837464e-86,1.3152480446852915e-84
249,https://www.nytimes.com/2020/11/08/us/politics/biden-victory-speech-takeaways.html?searchResultPosition=3,President-Peach Biden의 승리 연설에서 5 명의 테이크 아웃,0,1.0645627427494656e-64,3.8856540106799006e-63
250,02100101.20201107100834002,"바이든, 미국 시각 6일 저녁 대국민연설…승리연설 가능성",1,1.0645627427494656e-64,1.295218003559967e-63
251,02100201.20201107125826001,"[속보] 바이든 ""내일 다시 연설하게 될 것""…승리 연설 예고",1,1.0645627427494656e-64,1.295218003559967e-63
252,02100311.20201108024652001,"[종합2보] 외신 ""바이든, 대선승리""…오전 10시 대국민 승리연설",1,1.0645627427494656e-64,1.295218003559967e-63
253,https://www.nytimes.com/2020/11/09/opinion/trump-biden-nation-divided.html?searchResultPosition=8,7100 만 명의 사람들이 트럼프를 위해 투표했습니다.,0,1.267840454727442e-72,4.627617659331603e-71
254,01100501.20201111122004004,美 안보 구멍 내는 트럼프…장관 경질 하루 만에 국방부 고위직 3명 옷 벗어,1,1.267840454727442e-72,2.3138088296658016e-71
255,02100801.20201111194242001,'격전지' 펜실베이니아 4.5만표차…트럼프 문제삼은 우편투표는 1만표,1,1.267840454727442e-72,2.3138088296658016e-71
256,https://www.nytimes.com/2020/11/09/sports/biden-sports-trump-protests.html?searchResultPosition=5,"새로운 대통령과도, 백악관의 스포츠는 동일하지 않을 것입니다.",0,3.603419300837464e-86,1.3152480446852915e-84
257,02100101.20201109161801001,"[종합] 문 대통령 ""바이든 美대통령 당선인 측과 다방면 소통할 것""",1,3.603419300837464e-86,1.3152480446852915e-84
258,https://www.nytimes.com/2020/11/09/us/politics/biden-security-transition.html?searchResultPosition=7,트럼프가 양심의 거절이 얼마나 남녀의 국가 안보 전환에 영향을 미치는지,0,1.0645627427494656e-64,3.8856540106799006e-63
259,02100201.20201111072152001,"'트럼프 충복' 폼페이오, ""트럼프 2기 행정부로 순조로운 전환 있을 것""",1,1.0645627427494656e-64,1.295218003559967e-63
260,02100601.20201110122001001,트럼프 '몽니'에 안보브리핑 못받은 바이든…美안보공백 우려,1,1.0645627427494656e-64,1.295218003559967e-63
261,01100401.20201110213544001,"바이든, 국가 안보 관련 브리핑 못받아…주요 안보정책 준비 차질",1,1.0645627427494656e-64,1.295218003559967e-63
262,https://www.nytimes.com/2020/11/09/us/politics/republicans-trump-concede-2020-election.html?searchResultPosition=6,"공화당 뒤에서 트럼프가 양보하는 것을 거절하고, biden을 인정하기 위해 감소 함",0,1.1065665299008908e-29,4.0389678337685705e-28
263,01100401.20201108185939001,“패배 인정하자” vs “트럼프 위해 싸우자”…공화당 사분오열,1,1.1065665299008908e-29,2.2438710187603167e-29
264,01100401.20201110170453001,공화당 핵심 펜스·매코널드 트럼프 불복 공개 지지…결과 인정 목소리도,1,1.1065665299008908e-29,2.2438710187603167e-29
265,01100401.20201111030224002,"펜스-매코널, 트럼프 소송 지지… 공화당내 ‘바이든 승리’ 인정도 늘어",1,1.1065665299008908e-29,2.2438710187603167e-29
266,01100701.20201109101700001,"트럼프 조카 메리 ""트럼프는 승복 대신 복수할 것""",1,1.1065665299008908e-29,2.2438710187603167e-29
267,01100701.20201111081053001,트럼프 첫 부인 “트럼프 좋은 패배자 아냐… 싸우고 또 싸우려 할 것”,1,1.1065665299008908e-29,2.2438710187603167e-29
268,01100701.20201111152923002,‘대선 불복’ 트럼프 캠프 미시간에도 소송 “결국 트럼프 대통령이 승자로 선언될 것”,1,1.1065665299008908e-29,2.2438710187603167e-29
269,01100701.20201112115605001,美 매체 트럼프 시대 결산… “트럼프가 훼손한 민주주의 해악 오래갈 것”,1,1.1065665299008908e-29,2.2438710187603167e-29
270,01100901.20201109073156001,"샴페인 터뜨렸던 트럼프 조카 ""트럼프는 승복 대신 복수할 것""",1,1.1065665299008908e-29,2.2438710187603167e-29
271,01100901.20201109160120001,"승복 두고 갈린 공화…롬니 ""트럼프, 밤에 조용히는 안떠날 것""",1,1.1065665299008908e-29,2.2438710187603167e-29
272,01101101.20201108114120001,트위터는 트럼프 패배 인정? '루저' 검색하면 트럼프 계정 맨 위로,1,1.1065665299008908e-29,2.2438710187603167e-29
273,01101101.20201110145932001,"뒤끝작렬 트럼프 ""화이자 백신 내 덕…FDA 일부러 선거 뒤 발표""",1,1.1065665299008908e-29,2.2438710187603167e-29
274,02100311.20201110141039001,"트럼프 주니어 자서전 ""트럼프 미국 대선불복은 당연, 끝까지 싸울 것""",1,1.1065665299008908e-29,2.2438710187603167e-29
275,02100311.20201110172427001,트럼프 4년 뒤 또 나온다?…공화당 눈은 벌써 2024 대선에,1,1.1065665299008908e-29,2.2438710187603167e-29
276,02100601.20201109074949001,"트럼프 조카 메리 ""트럼프, 새 정부 출범 끝까지 방해할 것""",1,1.1065665299008908e-29,2.2438710187603167e-29
277,02100701.20201109060322001,[인더머니]‘트럼프 저격’ 조카 메리 “트럼프는 복수할 것”,1,1.1065665299008908e-29,2.2438710187603167e-29
278,02100801.20201110112854002,"트럼프 이어 美공화당까지 대선 불복…""트럼프, 소송할 권리 있다""",1,1.1065665299008908e-29,2.2438710187603167e-29
279,08100401.20201109040203001,"트럼프 조카 메리 ""트럼프는 승복 대신 복수할 것""",1,1.1065665299008908e-29,2.2438710187603167e-29
280,08100401.20201111065805001,"패배 인정 안한 폼페이오...""트럼프 2기 정부로 순조롭게 전환할 것""",1,1.1065665299008908e-29,2.2438710187603167e-29
281,https://www.nytimes.com/2020/11/10/us/politics/trump-election-results.html?searchResultPosition=3,"전투 선거 결과, 트럼프는 새로운 무기를 사용합니다 : 정부",0,3.745597165280473e-51,1.36714296520224e-49
282,01100701.20201110060525002,“부정선거” 트윗 20개 날리며 버티기… 트럼프 선거불복 언제까지,1,3.745597165280473e-51,2.2785716086704004e-50
283,01100701.20201111145024001,트럼프 대선 불복 여진 속… “광범위 선거부정” 네바다 선거직원 폭로 나와,1,3.745597165280473e-51,2.2785716086704004e-50
284,02100801.20201111122712001,美 정부로 확산되는 트럼프 불복‥차기정부 인계 '선긋기',1,3.745597165280473e-51,2.2785716086704004e-50
285,08100101.20201109065415001,트럼프 “선거 결과 불복”…남은 법적 논란은?,1,3.745597165280473e-51,2.2785716086704004e-50
286,08100301.20201111072233001,"""트럼프 2기 정부 준비 중""…선거 부정 조사 치침도",1,3.745597165280473e-51,2.2785716086704004e-50
287,08100401.20201109083202001,"바이든, 환호 속 '축제의 장'...트럼프 지지자 ""선거 결과 인정 못 해""",1,3.745597165280473e-51,2.2785716086704004e-50
288,https://www.nytimes.com/2020/11/12/us/politics/election-officials-contradict-trump.html?searchResultPosition=4,선거 공무원은 투표 시스템 사기에 대한 트럼프와 직접 모순됩니다,0,1.0241533632431202e-54,3.7381597754952403e-53
289,01100401.20201110163725001,“우편투표 집계 사기” 트럼프 주장에…필라델피아 공화당 개표 감독관 개탄,1,1.0241533632431202e-54,7.47631955099048e-54
290,01100701.20201112091830001,‘대선 불복’ 고집…트럼프 “우리가 이겼다...선거 사기 이의 제기됐다”,1,1.0241533632431202e-54,7.47631955099048e-54
291,01100701.20201113133936001,"美 선거·안보기관들, ‘선거 부정’ 일축…고립돼 가는 트럼프",1,1.0241533632431202e-54,7.47631955099048e-54
292,02100801.20201113150236001,"오바마 ""트럼프·공화당의 '선거사기' 주장, 민주주의 위험한 길로 내몰아""",1,1.0241533632431202e-54,7.47631955099048e-54
293,02100851.20201111114257001,[바이든 승리] '주장 논리 빈약·서류 제출 미비'...트럼프 '선거 사기' 소송전 의지있나?,1,1.0241533632431202e-54,7.47631955099048e-54
294,https://www.nytimes.com/2020/11/13/us/politics/trump-election-lawsuits.html?searchResultPosition=7,트럼프는 그의 선거 소송과 잘 어울리지 않습니다.,0,1.5695104623328857e-45,5.728713186990691e-44
295,01100201.20201116040245001,[하윤해 특파원의 여기는 워싱턴] 부정선거 증거 없는 트럼프 소송 연패… 멀어지는 대선 뒤집기,1,1.5695104623328857e-45,7.160891483738364e-45
296,01100201.20201116070821001,트럼프 “선거조작으로 그가 이겼다” 대선 승복 ‘해프닝’…심경변화 분석도,1,1.5695104623328857e-45,7.160891483738364e-45
297,01100401.20201116084619001,트럼프 “그가 조작으로 이겼다…곧 소송 제기할 것”,1,1.5695104623328857e-45,7.160891483738364e-45
298,01100801.20201115224003001,"트럼프, 바이든 승리 첫 인정? “선거조작에 그가 이겼다”",1,1.5695104623328857e-45,7.160891483738364e-45
299,01101101.20201111182146001,"[바이든 시대] 소송, 또 소송... 구체화하는 트럼프 대선 불복 움직임",1,1.5695104623328857e-45,7.160891483738364e-45
300,02100801.20201114074213001,"바이든, 조지아주서도 승리‥트럼프 선거 소송은 잇단 기각",1,1.5695104623328857e-45,7.160891483738364e-45
301,08100401.20201116014602001,"트럼프 ""선거 조작으로 그가 이겼다...승복 안 해""",1,1.5695104623328857e-45,7.160891483738364e-45
302,08100401.20201116054803001,"트럼프 ""선거 조작으로 그가 이겼다...승복 안 해""",1,1.5695104623328857e-45,7.160891483738364e-45
303,https://www.nytimes.com/2020/11/13/us/politics/trump-loses-election-lawsuits.html?searchResultPosition=2,"트럼프는 선거 소송의 문자열을 잃고, 그의 패배와 싸울 차량이 거의 없었다.",0,1.0241533632431202e-54,3.7381597754952403e-53
304,02100201.20201114134102001,"조지아 패배도 부정한 트럼프...""와, 부정선거 진짜 있었네""",1,1.0241533632431202e-54,7.47631955099048e-54
305,02100201.20201116063746001,"'첫 패배 인정' 해석에 트럼프 ""조작된 선거, 인정 안해""",1,1.0241533632431202e-54,7.47631955099048e-54
306,02100601.20201115173109001,"트럼프 첫 패배 언급…""바이든, 선거 조작해 승리""",1,1.0241533632431202e-54,7.47631955099048e-54
307,02100701.20201116055427001,[인더머니] 트럼프 대선 패배 인정? “선거 조작으로 바이든이 이겨”,1,1.0241533632431202e-54,7.47631955099048e-54
308,08100401.20201115000203003,불복소송 잇단 패배 '빨간불' 트럼프...책임자로 줄리아니 임명,1,1.0241533632431202e-54,7.47631955099048e-54
309,https://www.nytimes.com/2020/11/17/learning/president-trumps-refusal-to-concede-the-election-a-lesson-plan-on-the-peaceful-transfer-of-power-in-a-democracy.html?searchResultPosition=8,트럼프 대통령은 선거를 인정하는 것을 거절합니다.,0,3.1450512378253567e-43,1.1479437017011855e-41
310,01101001.20201118133841001,"“선거부정 없어? 너도 해고!” 트럼프, 선거보안 책임자도 숙청",1,3.1450512378253567e-43,1.275493001890206e-42
311,02100501.20201117180147001,"트럼프 ""선거 위헌소송 할 것""… 오바마 ""대통령은 임시직""",1,3.1450512378253567e-43,1.275493001890206e-42
312,02100801.20201118144335001,트럼프의 계속된 분풀이…부정선거 부인한 선거책임자도 경질,1,3.1450512378253567e-43,1.275493001890206e-42
313,02100801.20201119111109002,"文대통령 20일 APEC 화상 정상회의…""트럼프 대통령도 참석"" (종합)",1,3.1450512378253567e-43,1.275493001890206e-42
314,02100801.20201120073019001,"트럼프 캠프 ""선거 불복 소송, 계속 하겠다""…베네수엘라 등 선거 개입說 제기",1,3.1450512378253567e-43,1.275493001890206e-42
315,02100851.20201115225239001,"트럼프 대통령, 바이든 승리 첫 언급…""사기선거 주장은 계속""",1,3.1450512378253567e-43,1.275493001890206e-42
316,02100851.20201120102147001,"바이든, ""트럼프, 역사상 가장 무책임한 대통령""...선거 불복 '작심' 비판",1,3.1450512378253567e-43,1.275493001890206e-42
317,08100401.20201116165602001,"[뉴스큐] 트럼프, '패배 인정' 논란...선거 소송 잇따라 기각",1,3.1450512378253567e-43,1.275493001890206e-42
318,08100401.20201116233206001,"트럼프, ""선거 이겼다""...볼턴 ""트럼프는 졌다""",1,3.1450512378253567e-43,1.275493001890206e-42
319,https://www.nytimes.com/2020/11/17/magazine/trump-investigations-criminal-prosecutions.html?searchResultPosition=10,미국은 트럼프를 기소하지 않고 법의 지배를 복원 할 수 있습니까?,0,3.603419300837464e-86,1.3152480446852915e-84
320,02100851.20201116061148001,​[트럼프의 미래] ①'미국의 분열?'...누가 트럼프에 표를 던졌나,1,3.603419300837464e-86,1.3152480446852915e-84
321,https://www.nytimes.com/2020/11/17/us/politics/michigan-certify-election-results.html?searchResultPosition=6,미시간 공화당은 선거 결과를 증명하기를 거부 한 후 역 추적,0,3.603419300837464e-86,1.3152480446852915e-84
322,02100311.20201120104028001,"뒤집기 지원사격 요청? 트럼프, 경합주 미시간 주의회 공화당 의원들 백악관 초청",1,3.603419300837464e-86,1.3152480446852915e-84
323,https://www.nytimes.com/2020/11/17/us/politics/trump-fires-christopher-krebs.html?searchResultPosition=5,"트럼프는 선거 사기 주장을 분쟁 한 공무원, Christopher Krebs",0,3.855907447228632e-48,1.4074062181096328e-46
324,01100401.20201116145614001,"‘선거조작’ 주장해온 트럼프, 이번엔 “내가 이겼다!”",1,3.855907447228632e-48,2.0105803115851901e-47
325,01100701.20201116144935002,"볼턴 “트럼프 패배, 부정선거 주장 근거 없다”…공화당 내부 “권력 이양이 필요”",1,3.855907447228632e-48,2.0105803115851901e-47
326,01101101.20201115231201001,"트럼프, '바이든 승리' 첫 언급...여전히 부정선거 주장",1,3.855907447228632e-48,2.0105803115851901e-47
327,01101101.20201116184549001,"트럼프 야밤에 ""내가 선거 이겼다"" 또 일방 주장",1,3.855907447228632e-48,2.0105803115851901e-47
328,02100101.20201116172012001,"`부정선거` 주장 트럼프, 심야에 ""내가 대선 이겼다""",1,3.855907447228632e-48,2.0105803115851901e-47
329,02100701.20201118103341002,트럼프 “역대 가장 안전한 선거” 주장 CISA 국장 해임,1,3.855907447228632e-48,2.0105803115851901e-47
330,02100851.20201118101441001,"""사기선거 아니라고?""...분노한 트럼프, 美사이버안보국장 해임",1,3.855907447228632e-48,2.0105803115851901e-47
331,https://www.nytimes.com/2020/11/19/arts/television/late-night-kimmel-trump-covid.html?searchResultPosition=8,트럼프를 위해 일하는 것은 해고되거나 코비드를 얻는 데 끝납니다. Kimmel은 말합니다.,0,1.267840454727442e-72,4.627617659331603e-71
332,01101101.20201121100740001,美 코로나19 일일 확진 또 최다... 트럼프 장남도 감염,1,1.267840454727442e-72,2.3138088296658016e-71
333,08100101.20201117192443001,바이든 “조율 안 하면 더 죽을 것”…트럼프 “내 재임 중 일”,1,1.267840454727442e-72,2.3138088296658016e-71
334,https://www.nytimes.com/2020/11/19/us/politics/trump-election.html?searchResultPosition=5,트럼프의 전복을 뒤엎는 트럼프 시도는 미국 역사에서 탁월합니다.,0,3.603419300837464e-86,1.3152480446852915e-84
335,01101101.20201120074958001,"바이든 ""트럼프, 미국 역사상 가장 무책임한 대통령""",1,3.603419300837464e-86,1.3152480446852915e-84
336,https://www.nytimes.com/2020/11/19/us/politics/trump-michigan-election.html?searchResultPosition=4,트럼프는 선거를 파괴하기 위해 그의 ploy에서 미시간을 타겟팅합니다.,0,1.0645627427494656e-64,3.8856540106799006e-63
337,01101101.20201120012942001,미시간 소송 취하 선언한  트럼프 캠프…또 사실과 다른 주장,1,1.0645627427494656e-64,1.295218003559967e-63
338,08100401.20201120074203001,"트럼프, '대선 불복 소송' 미시간 주의원들 백악관 초청...배경에 관심",1,1.0645627427494656e-64,1.295218003559967e-63
339,08100401.20201120185202001,"트럼프, 미시간 주의원들 초청...바이든 ""가장 무책임한 대통령""",1,1.0645627427494656e-64,1.295218003559967e-63
340,https://www.nytimes.com/2020/11/21/us/politics/pennsylvania-trump-court-ballots.html?searchResultPosition=1,판사가 펜실베이니아에서 인증을 지연시키려는 트럼프 소송을 해고합니다.,0,1.3178648435810233e-37,4.810206678630463e-36
341,01100201.20201123060321001,불복소송 기각한 판사 비난한 트럼프 “마녀사냥의 연속”,1,1.3178648435810233e-37,4.008505565525385e-37
342,01100701.20201122103113001,"미 법원, 트럼프측 펜실베이니아 개표인증 중단요구 기각",1,1.3178648435810233e-37,4.008505565525385e-37
343,01100701.20201123065841001,"트럼프, 펜실베이니아 선거불복소송 기각후 즉시 항소",1,1.3178648435810233e-37,4.008505565525385e-37
344,01100901.20201122091116001,"펜실베이니아 개표 소송 기각…""트럼프 희망에 치명적 타격""",1,1.3178648435810233e-37,4.008505565525385e-37
345,01101101.20201122105408001,펜실베이니아 개표인증 연기요구 기각… “트럼프 뒤집기 희망에 치명타”,1,1.3178648435810233e-37,4.008505565525385e-37
346,02100101.20201123083731001,"[종합] 트럼프, 개표인증 저지 소송 기각한 판사 맹비난…""마녀사냥""",1,1.3178648435810233e-37,4.008505565525385e-37
347,02100311.20201122071342001,펜실베이니아 등 줄줄이 개표인증…코너 몰린 트럼프,1,1.3178648435810233e-37,4.008505565525385e-37
348,02100311.20201123113553001,"소송전 이어가는 트럼프, 개표인증 저지소송 기각에 항소",1,1.3178648435810233e-37,4.008505565525385e-37
349,02100601.20201122090907001,"美 연방법원, 펜실베이니아 개표 인증 중단 트럼프 요구 기각",1,1.3178648435810233e-37,4.008505565525385e-37
350,02100801.20201122090233001,"美 법원, 펜실베이니아 주 개표인증 중단요구 기각…""트럼프에 치명적 타격""",1,1.3178648435810233e-37,4.008505565525385e-37
351,02100851.20201122101839001,트럼프 펜실베이니아 개표인증 중단요구도 좌절,1,1.3178648435810233e-37,4.008505565525385e-37
352,08100401.20201123020403002,"트럼프, 불복소송 기각한 판사 비난...""항소할 것""",1,1.3178648435810233e-37,4.008505565525385e-37
353,https://www.nytimes.com/2020/11/23/us/trump-economy-ny.html?searchResultPosition=10,"국가에 대한 피해를 입은 비즈니스 지도자, 트럼프가 전환을 시작하기 위해 촉구",0,1.267840454727442e-72,4.627617659331603e-71
354,01100701.20201123114440002,"“솔직히 국가적 망신” 트럼프 측근, 승복 촉구",1,1.267840454727442e-72,2.3138088296658016e-71
355,02100801.20201124085441002,"트럼프 ""국가이익 위해 정권 인계 시작 권고""(상보)",1,1.267840454727442e-72,2.3138088296658016e-71
356,https://www.nytimes.com/2020/11/24/arts/television/late-night-trump-sidney-powell.html?searchResultPosition=4,늦은 밤은 트럼프의 법률 팀이 Sidney Powell을 쉽게 잊어 버리게하지 않습니다.,0,3.603419300837464e-86,1.3152480446852915e-84
357,08100401.20201122134004001,"트럼프 법률팀 ""조지아주에 정직한 재검표 요구""",1,3.603419300837464e-86,1.3152480446852915e-84
358,https://www.nytimes.com/2020/11/24/opinion/trump-election-democracy.html?searchResultPosition=1,이 선거에서 진실을 말한 모든 사람들에게 행복한 추수 감사절,0,3.603419300837464e-86,1.3152480446852915e-84
359,02100101.20201127000323001,"[사설] 쓴소리 할 사람 뽑았다는 바이든, 진실 말하겠다는 美정보수장",1,3.603419300837464e-86,1.3152480446852915e-84
360,https://www.nytimes.com/2020/11/24/us/politics/trump-is-said-to-plan-pardon-of-flynn.html?searchResultPosition=4,트럼프는 Flynn의 사면을 계획하고 있다고합니다,0,1.0645627427494656e-64,3.8856540106799006e-63
361,01100701.20201126130848001,"‘사면권 남용 논란’ 트럼프, 다음은 ‘셀프 사면’ 단행? [특파원+]",1,1.0645627427494656e-64,1.295218003559967e-63
362,01100901.20201126135202001,"'러시아 스캔들' 플린 사면한 트럼프, 결국 '셀프 사면'도 할까?",1,1.0645627427494656e-64,1.295218003559967e-63
363,02100701.20201125124200001,"퇴임 전 ‘측근 사면’ 시동 거나…美 언론 “트럼프, 마이클 플린 사면 계획”",1,1.0645627427494656e-64,1.295218003559967e-63
364,https://www.nytimes.com/2020/11/25/us/politics/biden-address.html?searchResultPosition=1,Biden은 Unity를 촉구합니다. '우리는 바이러스와 전쟁이 아닌 서로',0,3.603419300837464e-86,1.3152480446852915e-84
365,01100801.20201126075128001,바이든 “우리 서로가 아닌 바이러스와 전쟁 중…지지 않을 것”,1,3.603419300837464e-86,1.3152480446852915e-84
366,https://www.nytimes.com/2020/11/26/us/politics/coronavirus-vaccine-military-trump.html?searchResultPosition=9,백신의 군사의 역할은 트럼프의 주장에도 불구하고 장면 뒤에서 엄격하게 뒤에있을 것입니다.,0,3.603419300837462e-41,1.3152480446852908e-39
367,01100201.20201127073621001,"[속보] 트럼프 “코로나19 백신, 다음주 배송 시작될 것”",1,3.603419300837462e-41,1.3152480446852908e-40
368,01100611.20201127082801001,트럼프 “다음주 코로나19 백신 배송 시작될 것”,1,3.603419300837462e-41,1.3152480446852908e-40
369,01100701.20201127132730001,"트럼프 “다음주 코로나 백신 배송, 바이든 공 아냐…백신은 내가 한 것”",1,3.603419300837462e-41,1.3152480446852908e-40
370,02100101.20201127132258001,"코로나 대응 자찬 트럼프 ""백신은 내가 한 것 바이든 아니야""",1,3.603419300837462e-41,1.3152480446852908e-40
371,02100201.20201128095946001,"트럼프 ""바이든, 사기투표 아니란 것 증명못하면 백악관 안나갈 것""",1,3.603419300837462e-41,1.3152480446852908e-40
372,02100601.20201127072632001,"[속보] 트럼프 ""코로나 백신 다음주부터 배송 시작할 것""",1,3.603419300837462e-41,1.3152480446852908e-40
373,02100701.20201127091322001,트럼프 정부 백신개발 최고책임자 “새 정부에 더 애착…필요하면 더 일할 것”,1,3.603419300837462e-41,1.3152480446852908e-40
374,02100801.20201126142738001,정권이양 지시한 뒤에도 대선 승리 주장 꺾지 않는 트럼프,1,3.603419300837462e-41,1.3152480446852908e-40
375,08100101.20201127212617001,트럼프 “다음주 백신 배송”…일부 백신 의문 제기,1,3.603419300837462e-41,1.3152480446852908e-40
376,08100101.20201128001701001,"트럼프, 선거인단 투표 지면 백악관 떠날것…선거 사기 주장 계속",1,3.603419300837462e-41,1.3152480446852908e-40
377,https://www.nytimes.com/2020/11/26/us/politics/trump-election-georgia.html?searchResultPosition=1,"트럼프, 여전히 승리를 주장하고, 선거인이 바이덴을 선택하면 떠날 것입니다.",0,3.603419300837462e-41,1.3152480446852908e-39
378,01101101.20201127080709001,"트럼프 ""선거인단 투표서 바이든 승리 시, 백악관 떠날 것""",1,3.603419300837462e-41,1.3152480446852908e-40
379,01500601.20201127092707001,"트럼프 ""선거인단 투표서 바이든 승리하면 백악관 떠날 것""",1,3.603419300837462e-41,1.3152480446852908e-40
380,02100101.20201127074649001,"[속보] 트럼프 ""선거인단 투표서 바이든 승리시 백악관 떠날 것""<로이터>",1,3.603419300837462e-41,1.3152480446852908e-40
381,02100101.20201127092950002,"[종합] 트럼프 ""선거인단 투표서 바이든 승리시 백악관 떠날 것""",1,3.603419300837462e-41,1.3152480446852908e-40
382,02100311.20201127075209001,"[속보] 트럼프 ""선거인단 투표서 바이든 승리시 백악관 떠날 것""",1,3.603419300837462e-41,1.3152480446852908e-40
383,02100311.20201127081113001,"트럼프 ""선거인단 투표서 바이든 승리시 백악관 떠날 것""",1,3.603419300837462e-41,1.3152480446852908e-40
384,02100601.20201127074442001,"[속보] 트럼프 ""선거인단 투표서 바이든 승리하면 백악관 떠날 것""",1,3.603419300837462e-41,1.3152480446852908e-40
385,02100701.20201127075126001,[속보] 트럼프 “선거인단 투표서 바이든 승리시 백악관 떠날 것” <로이터>,1,3.603419300837462e-41,1.3152480446852908e-40
386,08100101.20201127215116002,"트럼프, 선거인단 투표 지면 백악관 떠날것…선거 사기 주장 계속",1,3.603419300837462e-41,1.3152480446852908e-40
387,08100401.20201127084603001,"트럼프 ""선거인단 투표서 바이든 승리시 백악관 떠날 것""",1,3.603419300837462e-41,1.3152480446852908e-40
388,https://www.nytimes.com/2020/11/27/us/politics/trump-pennsylvania-appeals-court.html?searchResultPosition=9,가혹한 책망에서 항소 법원은 펜실베이니아에서 트럼프의 선거 도전을 거부합니다.,0,1.267840454727442e-72,4.627617659331603e-71
389,02100201.20201128044644001,"트럼프, 펜실베이니아 불복소송 2심도 기각…대법원 간다",1,1.267840454727442e-72,2.3138088296658016e-71
390,08100401.20201126110603002,"트럼프, 공화당 행사에서 ""이번 선거 조작...선거 뒤집어야""",1,1.267840454727442e-72,2.3138088296658016e-71
391,https://www.nytimes.com/2020/11/27/world/middleeast/iran-nuclear-scientist-assassinated-mohsen-fakhrizadeh.html?searchResultPosition=6,이란의 최고의 핵 과학자가 매복에서 사망 한 국가 언론,0,3.745597165280473e-51,1.36714296520224e-49
392,01100201.20201130000224001,이란 핵 과학자 암살… 바이든 중동 구상 재뿌리기였나,1,3.745597165280473e-51,2.2785716086704004e-50
393,01100401.20201130030208002,"이란, 핵과학자 암살 배후로 이스라엘 지목… ‘바이든 외교’ 악재",1,3.745597165280473e-51,2.2785716086704004e-50
394,01100901.20201129173339001,"미묘한 시기 이란 핵과학자 테러 사망...""바이든에 찬물 뿌렸다""",1,3.745597165280473e-51,2.2785716086704004e-50
395,02100101.20201129143546001,이란 핵 과학자 암살 `진짜 목적`은 바이든 정부 견제?,1,3.745597165280473e-51,2.2785716086704004e-50
396,02100801.20201129085417001,"이란 핵과학자 테러로 '암살'…바이든, 취임 전부터 난제 직면",1,3.745597165280473e-51,2.2785716086704004e-50
397,02100851.20201129104559001,바이든 앞 첫 난제 '이란 핵 과학자 사망'…중동 긴장 고조,1,3.745597165280473e-51,2.2785716086704004e-50
398,https://www.nytimes.com/2020/11/28/us/politics/trump-republicans-election-results.html?searchResultPosition=5,"핵심 주에서, 공화당은 트럼프의 선거 서사에 저항하는 데 중요했습니다.",0,1.267840454727442e-72,4.627617659331603e-71
399,02100601.20201128085950001,"선거 져서 속 쓰린데…승복 묻는 기자에 트럼프 ""나 아직 대통령""",1,1.267840454727442e-72,2.3138088296658016e-71
400,02100801.20201127093810001,"[특징주]투비소프트, 트럼프 美 대통령 ""이르면 다음주 백신 배송""…콜드체인 부각 '강세'",1,1.267840454727442e-72,2.3138088296658016e-71
401,https://www.nytimes.com/2020/11/29/business/media/newsmax-chris-ruddy-trump.html?searchResultPosition=2,트럼프 텔레비젼의 왕은 당신이 그것을 사기에 충분히 바보 같은 것을 생각합니다.,0,1.267840454727442e-72,4.627617659331603e-71
402,02100801.20201130040654001,"""6개월 지나도 생각 안 변할 것"" 트럼프, 대선 후 첫 인터뷰",1,1.267840454727442e-72,2.3138088296658016e-71
403,08100401.20201130033203002,"트럼프 ""6개월 지나도 생각 안 변할 것""",1,1.267840454727442e-72,2.3138088296658016e-71
404,https://www.nytimes.com/2020/11/30/us/dr-atlas-trumps-coronavirus-adviser-resigns.html?searchResultPosition=5,"아틀라스 (Atlas) 박사, 트럼프의 코로나 바이러스 고문은 사임합니다.",0,3.603419300837464e-86,1.3152480446852915e-84
405,02100101.20201201102841001,"""마스크 쓴다고 코로나 못 막아""라던 트럼프 의학고문 사임",1,3.603419300837464e-86,1.3152480446852915e-84
406,https://www.nytimes.com/2020/11/30/us/politics/trump-campaign-donations.html?searchResultPosition=7,트럼프는 그가 미래의 손실과 눈을 부인하면서 1 억 7 천만 달러를 모으고 있습니다.,0,3.603419300837464e-86,1.3152480446852915e-84
407,02100201.20201203110511001,"'사업가 복귀?' 트럼프 사업체, 재임중 해외서 2억달러 벌어",1,3.603419300837464e-86,1.3152480446852915e-84
408,https://www.nytimes.com/2020/12/01/us/politics/bribery-scheme-trump-pardon.html?searchResultPosition=6,Trump Pardon에 대한 잠재적 인 뇌물 방식을 조사하는 법무부,0,3.603419300837464e-86,1.3152480446852915e-84
409,01100801.20201202091619001,트럼프 사면 대가로 금품 오갔나... 美법무부 ”백악관 고위급 뇌물 조사”,1,3.603419300837464e-86,1.3152480446852915e-84
410,https://www.nytimes.com/2020/12/01/us/politics/in-a-fox-news-interview-parscale-blames-trumps-lack-of-coronavirus-empathy-for-his-election-loss.html?searchResultPosition=5,"여우 뉴스 인터뷰에서, Parscale은 트럼프가 그의 선거 손실을 위해 코로나 바이러스 공감 부족을 비난합니다.",0,1.267840454727442e-72,4.627617659331603e-71
411,02100701.20201204100055001,"‘트럼프 앙숙’ 롬니, 코로나19 손 놓은 트럼프 향해 “인류사의 비극”",1,1.267840454727442e-72,2.3138088296658016e-71
412,08100401.20201202185206001,"[와이즈맨] 선거에서도 지고, 짱친 폭스뉴스에도 배신당한 트럼프ㅣ근데 폭스뉴스가 뭔데?",1,1.267840454727442e-72,2.3138088296658016e-71
413,https://www.nytimes.com/2020/12/02/opinion/biden-interview-mcconnell-china-iran.html?searchResultPosition=7,Biden은 '트럼프가 4 년 더 당연히 대통령이되지 않을 것입니다.,0,4.460817030840428e-59,1.6281982161077293e-57
414,01100701.20201202174445001,"“4년 후 또 보자”… 트럼프, 2024년 대선 출마 암시",1,4.460817030840428e-59,4.070495540269323e-58
415,02100101.20201202155304001,"美, 트럼프 대통령 ""4년 후 다시 볼 것"" 2024년 대선 암시",1,4.460817030840428e-59,4.070495540269323e-58
416,02100801.20201202154822002,"트럼프 ""4년 후 다시 볼 것""…2024년 재출마설 솔솔",1,4.460817030840428e-59,4.070495540269323e-58
417,08100401.20201202160203001,"트럼프 ""4년 후에 여러분을 다시 볼 것""",1,4.460817030840428e-59,4.070495540269323e-58
418,https://www.nytimes.com/2020/12/02/us/politics/trump-election-video.html?searchResultPosition=4,"트럼프, 화이트 하우스의 비디오에서 '조작'선거에 46 분이 걸리는 DIATRIBE를 제공합니다.",0,3.855907447228632e-48,1.4074062181096328e-46
419,01100801.20201203201510001,"“선거 사기당했다” 물러서기 싫은 트럼프, 46분 동영상 연설",1,3.855907447228632e-48,2.0105803115851901e-47
420,01100901.20201202072051001,"'트럼프 심복' 바 법무장관도 잘리나 ""선거조작 증거 못 봤다""",1,3.855907447228632e-48,2.0105803115851901e-47
421,01100901.20201203164200001,"트럼프 46분 영상 올리고 ""가장 중요한 연설""…""선거 조작"" 되풀이",1,3.855907447228632e-48,2.0105803115851901e-47
422,01500701.20201202085641001,트럼프 최측근 “선거조작 입증할 사기 못 봤다”,1,3.855907447228632e-48,2.0105803115851901e-47
423,02100101.20201202092745002,"`트럼프 충복` 미 법무장관 ""선거조작 사기 증거 없어""",1,3.855907447228632e-48,2.0105803115851901e-47
424,02100201.20201203205418001,"트럼프, 46분 간 나홀로 외침…""부정 선거, 대법원이 바꿔놔야""",1,3.855907447228632e-48,2.0105803115851901e-47
425,08200101.20201202213808002,"美법무 ""선거조작 입증 못봤다""…트럼프 타격",1,3.855907447228632e-48,2.0105803115851901e-47
426,https://www.nytimes.com/2020/12/03/us/pardon-elliott-broidy-abbe-lowell.html?searchResultPosition=3,트럼프 어소시에이츠는 용 의심되는 사면 방식으로 면밀히 조사되었다고 말했다.,0,4.460817030840428e-59,1.6281982161077293e-57
427,01100401.20201202152048001,"측근 사면 남발한 트럼프, 이번엔 자녀들엔 선제적 사면도?",1,4.460817030840428e-59,4.070495540269323e-58
428,01100901.20201205050206001,트럼프 ‘셀프 사면’도 방법 있다···몰래 사면·선제 사면도 되는 美,1,4.460817030840428e-59,4.070495540269323e-58
429,01101001.20201202143922001,"트럼프, 가족·줄리아니 사면 논의…검찰, ‘대가성 사면’ 수사",1,4.460817030840428e-59,4.070495540269323e-58
430,01101101.20201203181437001,퇴임 전 ‘자녀 사면’ 카드 꺼낸 트럼프… ‘셀프사면’도 가능할까?,1,4.460817030840428e-59,4.070495540269323e-58
431,https://www.nytimes.com/2020/12/06/us/politics/barr-considering-resigning.html?searchResultPosition=5,트럼프의 용어가 끝나기 전에 떠날 지 여부를 무게가있는 것으로 알려져 있습니다.,0,3.603419300837464e-86,1.3152480446852915e-84
432,02100701.20201208142516001,트럼프 해고 美 전 보안국장 “허위정보 유포 트럼프가 국내 보안 위협”,1,3.603419300837464e-86,1.3152480446852915e-84
433,https://www.nytimes.com/2020/12/07/us/politics/trump-pfizer-coronavirus-vaccine.html?searchResultPosition=6,트럼프 행정부가 더 많은 화이자 백신을 확보 할 수있는 기회를 통과했습니다.,0,3.745597165280473e-51,1.36714296520224e-49
434,01100701.20201208115011001,"화이자·모더나, 트럼프 주최 ‘백악관 백신 정상회의’ 초대 거부",1,3.745597165280473e-51,2.2785716086704004e-50
435,01100901.20201209133959001,"선거인단 투표 D-6…트럼프, 여전히 ""다음 행정부는 트럼프 행정부""",1,3.745597165280473e-51,2.2785716086704004e-50
436,02100201.20201208120134001,"트럼프가 불렀는데…화이자·모더나 ""백신회담 거절""",1,3.745597165280473e-51,2.2785716086704004e-50
437,02100601.20201208094755001,"화이자·모더나, 트럼프 주최 '백신 최고회의' 초청 거절",1,3.745597165280473e-51,2.2785716086704004e-50
438,02100701.20201209060416001,트럼프 “백신도 미국 우선” 행정명령 서명…“국방물자법 발동할 수도”[인더머니],1,3.745597165280473e-51,2.2785716086704004e-50
439,08100401.20201208110203003,"화이자·모더나, 트럼프 주최 '백신 최고회의' 불참",1,3.745597165280473e-51,2.2785716086704004e-50
440,https://www.nytimes.com/2020/12/09/us/politics/trump-texas-supreme-court-lawsuit.html?searchResultPosition=4,17 공화당 변호사 멀리 가져온 선거 소송에서 일반 백 트럼프,0,3.603419300837462e-41,1.3152480446852908e-39
441,01100901.20201212100344001,美연방대법원도 경합 4개주 대선 무효소송 기각…트럼프 소송전 치명타,1,3.603419300837462e-41,1.3152480446852908e-40
442,01101101.20201211004434001,트럼프 변호사 줄리아니 퇴원…대선 뒤집기 소송 합류,1,3.603419300837462e-41,1.3152480446852908e-40
443,02100201.20201208112431001,"트럼프는 여전히 ""조작 선거""…공화당 88%는 '침묵'",1,3.603419300837462e-41,1.3152480446852908e-40
444,02100701.20201209113641001,트럼프 불복소송 여성변호사도 확진,1,3.603419300837462e-41,1.3152480446852908e-40
445,02100701.20201210060237001,"[인더머니] 트럼프, 연방대법에서 ‘대선무효 소송’ 기각되자 “내 소송 아냐” 딴소리",1,3.603419300837462e-41,1.3152480446852908e-40
446,02100801.20201212111723001,"美연방대법원, '대선 불복' 트럼프측 선거 무효소송 기각(종합)",1,3.603419300837462e-41,1.3152480446852908e-40
447,02100851.20201210143941001,"'트럼프의 선거 반란, 이제 시작?'...18개州 연방대법원에 '대선 무효' 소송",1,3.603419300837462e-41,1.3152480446852908e-40
448,02100851.20201212095128001,"트럼프의 '선거 반란', 이제 끝나나?...'텍사스州 소송 기각' 등 돌린 美대법원",1,3.603419300837462e-41,1.3152480446852908e-40
449,07101201.20201210141028001,텍사스주 대선불복 소송… 트럼프는 소송동참 선언,1,3.603419300837462e-41,1.3152480446852908e-40
450,08100401.20201212092004001,미 연방대법원도 대선무효 소송 기각...트럼프 소송전 치명타,1,3.603419300837462e-41,1.3152480446852908e-40
451,https://www.nytimes.com/2020/12/13/us/politics/coronavirus-vaccine-education-campaign.html?searchResultPosition=9,트럼프 행정부는 미국인들에게 예방 접종을 장려하기위한 돌진 노력을 계획하고 있습니다.,0,4.460817030840428e-59,1.6281982161077293e-57
452,01100801.20201214171723001,"트럼프 “백악관 관료들, 백신 접종 나중에”...우선 접종설 부인",1,4.460817030840428e-59,4.070495540269323e-58
453,01100901.20201214120755001,美 백신 접종 D-Day는 빠르면 14일…트럼프·바이든 접종은 언제?,1,4.460817030840428e-59,4.070495540269323e-58
454,01101101.20201214081402001,"미국 CDC '화이자 백신 접종' 최종 권고…""트럼프 14일 접종""",1,4.460817030840428e-59,4.070495540269323e-58
455,02100601.20201214172531001,"美 코로나 백신 백악관부터 접종?…트럼프 ""계획없다""",1,4.460817030840428e-59,4.070495540269323e-58
456,https://www.nytimes.com/2020/12/13/world/trump-delays-a-plan-to-fast-track-vaccines-for-white-house-staff-members.html?searchResultPosition=8,트럼프는 백악관 직원을위한 신속한 백신을 신속하게 추적 할 계획을 지연시킵니다.,0,1.0241533632431202e-54,3.7381597754952403e-53
457,01100611.20201214152247001,"백악관·정부 간부들 “열흘 안에 백신 접종”, 트럼프 “안될 말, 나중에”",1,1.0241533632431202e-54,7.47631955099048e-54
458,02100701.20201214163903001,비판 의식했나?…트럼프 “나와 백악관 직원 백신 접종 나중에”,1,1.0241533632431202e-54,7.47631955099048e-54
459,02100801.20201214073424001,"트럼프, 코로나 백신 접종 예정‥백신 거부감 해소 나서",1,1.0241533632431202e-54,7.47631955099048e-54
460,02100801.20201214112247002,美 코로나 백신 배송작전 시작...트럼프·백악관 수뇌부 최우선 접종키로(종합),1,1.0241533632431202e-54,7.47631955099048e-54
461,08100401.20201214164203002,"트럼프 ""백악관 백신 접종 나중에...나도 적절한 때 맞을 것""",1,1.0241533632431202e-54,7.47631955099048e-54
462,https://www.nytimes.com/2020/12/14/us/politics/biden-electoral-college.html?searchResultPosition=2,선거 대학 투표는 공식적으로 Biden의 승리를 확증합니다,0,4.460817030840428e-59,1.6281982161077293e-57
463,02100201.20201215074906001,"[속보]바이든, 선거인단 투표서 과반 확보...공식 승리 확정",1,4.460817030840428e-59,4.070495540269323e-58
464,02100801.20201215111824001,"""민주주의 승리‥통합하고 치유하자"" 바이든 선거인단 투표 승리(종합)",1,4.460817030840428e-59,4.070495540269323e-58
465,08100101.20201215063107001,미국 선거인단 투표…바이든 승리 공식 확정될 듯,1,4.460817030840428e-59,4.070495540269323e-58
466,08100101.20201215123622002,"바이든, 선거인단 투표도 과반수…대선 승리 공식화",1,4.460817030840428e-59,4.070495540269323e-58
467,https://www.nytimes.com/2020/12/14/us/politics/republicans-electoral-college.html?searchResultPosition=7,"선거 대학을 투표 한 후, 공화당 원가가 더 어울리고 트럼프의 손실을 받아들입니다.",0,4.460817030840428e-59,1.6281982161077293e-57
468,01100701.20201216155502001,'고립무원' 트럼프… 공화당 1인자도 남미의 트럼프도 등 돌려,1,4.460817030840428e-59,4.070495540269323e-58
469,01500701.20201216134504001,트럼프 '몽니' 언제까지…선거인단 투표 결과에도 여전히 '선거 사기' 주장,1,4.460817030840428e-59,4.070495540269323e-58
470,02100801.20201214112247001,"공화당 분열 위기 앞에 의원들도 선거 승복…""트럼프가 졌다""",1,4.460817030840428e-59,4.070495540269323e-58
471,02100851.20201215114226001,"""페이지 넘길 때"" 트럼프 설득하는 바이든...공화당도 '선거 승복' 모색(종합)",1,4.460817030840428e-59,4.070495540269323e-58
472,https://www.nytimes.com/2020/12/17/us/politics/russia-cyber-hack-trump.html?searchResultPosition=9,공무원이 미국 정부에게 '위험 무덤'을 경고 한 것으로 발견 된 해킹 공격,0,1.267840454727442e-72,4.627617659331603e-71
473,02100311.20201218081215001,"바이든, 연방정부 해킹 사건에 ""대가 치르게 할 것"" 경고",1,1.267840454727442e-72,2.3138088296658016e-71
474,08100401.20201218060005001,"바이든, 연방정부 해킹 사건에 ""대가 치르게 할 것""",1,1.267840454727442e-72,2.3138088296658016e-71
475,https://www.nytimes.com/2020/12/19/us/trump-contradicts-pompeo-over-russias-role-in-hack.html?searchResultPosition=3,트럼프는 해킹에서 러시아의 역할을 통해 Pompeo를 모순합니다,0,3.1450512378253567e-43,1.1479437017011855e-41
476,01100611.20201220151801001,폼페이오 “러시아가 해킹” vs 트럼프 “뭐든지 러시아”,1,3.1450512378253567e-43,1.275493001890206e-42
477,01100701.20201220132803001,"러시아 해킹 부인한 트럼프, 푸틴 앞에선 작아지는 이유 [특파원+]",1,3.1450512378253567e-43,1.275493001890206e-42
478,01101101.20201220093035001,"美 해킹, 폼페이오는 러시아 배후 지목했는데 트럼프는 '두둔'",1,3.1450512378253567e-43,1.275493001890206e-42
479,02100601.20201220090313001,"美정부기관 해킹 주범 러시아 지적한 폼페이오…트럼프 ""가짜뉴스""",1,3.1450512378253567e-43,1.275493001890206e-42
480,02100701.20201220094508001,"트럼프 “해킹, ‘가짜 뉴스’ 탓 실제보다 부풀려져”…배후 지목 러시아 두둔 논란",1,3.1450512378253567e-43,1.275493001890206e-42
481,02100801.20201220155905001,"'러시아 해킹' 의혹에 백악관 ""성명 내려는데 누군가 막았다""…폼페이오와 충돌한 트럼프",1,3.1450512378253567e-43,1.275493001890206e-42
482,02100851.20201220094310001,"폼페이오 ""美 정부 해킹 주범은 러시아""...트럼프는 ""가짜뉴스""",1,3.1450512378253567e-43,1.275493001890206e-42
483,08100201.20201221070709004,"[이 시각 세계] ""트럼프, 해킹 배후 러시아 두둔"" 비판",1,3.1450512378253567e-43,1.275493001890206e-42
484,08100401.20201220070402001,"트럼프, 사이버 해킹 배후 지목 러시아 두둔",1,3.1450512378253567e-43,1.275493001890206e-42
485,https://www.nytimes.com/2020/12/22/us/politics/trump-pardons.html?searchResultPosition=2,트럼프 용 사면 두 러시아 문의 수치 및 블랙 워터 가드,0,4.460817030840428e-59,1.6281982161077293e-57
486,01100801.20201223100205001,"트럼프, ‘러시아 스캔들' 관련자 등 15명 전격 사면",1,4.460817030840428e-59,4.070495540269323e-58
487,01100901.20201223182214001,"임기 한달 남긴 트럼프, '러시아 스캔들' 관련자·측근 무더기 사면",1,4.460817030840428e-59,4.070495540269323e-58
488,01101101.20201223123138001,러시아에 미련 못버린 트럼프... '러 스캔들' 연루 범죄자 무더기 사면,1,4.460817030840428e-59,4.070495540269323e-58
489,02100311.20201223101833001,"트럼프, 러시아 스캔들 연루 측근 등 15명 무더기 사면",1,4.460817030840428e-59,4.070495540269323e-58
490,https://www.nytimes.com/2020/12/24/us/politics/stimulus-2000.html?searchResultPosition=10,"트럼프에 응답하고, 민주당은 집을 통해 2,000 달러의 지불을 시도하고 실패합니다.",0,1.0645627427494656e-64,3.8856540106799006e-63
491,02100201.20201223121144001,"돌연 '부양책 거부' 트럼프 ""1인당 600달러→2000달러 지급하라""",1,1.0645627427494656e-64,1.295218003559967e-63
492,02100801.20201223144745001,"'재난지원금 600달러, 창피하다'는 트럼프에 반색하는 美민주당",1,1.0645627427494656e-64,1.295218003559967e-63
493,02100851.20201227113145001,"트럼프 ""재난지원금 600달러는 중국 탓""...민주당, 대체 부양책 추진 중",1,1.0645627427494656e-64,1.295218003559967e-63
494,https://www.nytimes.com/2020/12/26/us/politics/republicans-voter-fraud.html?searchResultPosition=1,트럼프의 사기 주장은 법정에서 사망했지만 도난당한 선거의 신화는,0,1.267840454727442e-72,4.627617659331603e-71
495,02100201.20201225112827001,"성탄 전야에 트럼프 또 ""부정선거"" 주장…백신 보급 자화자찬도",1,1.267840454727442e-72,2.3138088296658016e-71
496,02100801.20201228150530002,"트럼프, 또다시 조지아주 지원 유세行…""부정선거 주장 계속할까""",1,1.267840454727442e-72,2.3138088296658016e-71
497,https://www.nytimes.com/2020/12/27/opinion/letters/republicans-facts.html?searchResultPosition=4,"레이건에서 트럼프로, 사실을 거부합니다",0,3.603419300837464e-86,1.3152480446852915e-84
498,01100611.20201230051340002,美의회 “트럼프의 거부권을 거부한다”,1,3.603419300837464e-86,1.3152480446852915e-84
499,https://www.nytimes.com/2020/12/27/us/jobless-benefits-run-out-as-trump-resists-signing-the-relief-bill.html?searchResultPosition=1,Jobless 혜택은 트럼프가 구호 청구서에 서명하는 것에 따라 다릅니다.,0,1.267840454727442e-72,4.627617659331603e-71
500,02100201.20201227090116001,부양책 서명 거부하는 트럼프…”파멸적 결과 벌어질 것”,1,1.267840454727442e-72,2.3138088296658016e-71
501,02100701.20201227100731001,"바이든 “트럼프, 부양책 서명 안하면 파멸”…‘대선 불복’ 트럼프, 대법·법무부·공화당 비난",1,1.267840454727442e-72,2.3138088296658016e-71
502,https://www.nytimes.com/2020/12/29/todayspaper/quotation-of-the-day-thousands-await-word-in-prison-as-trump-frees-a-privileged-few.html?searchResultPosition=3,하루의 견적 : 트럼프가 특권이 많은 부분을 자유롭게 할 때 수천 명의 단어를 기다리고 있습니다.,0,4.460817030840428e-59,1.6281982161077293e-57
503,01100401.20201229140037001,“‘227명 트럼프 판사’는 트럼프 판사가 아니다”[정미경 기자의 청와대와 백악관 사이],1,4.460817030840428e-59,4.070495540269323e-58
504,01100701.20201230081618001,"바이든 ""트럼프 백신계획 뒤처져"" 질타… 하루 100만명 목표 제시",1,4.460817030840428e-59,4.070495540269323e-58
505,01101101.20201230090302001,"바이든, 트럼프 백신 접종 정책 맹공… ""하루 100만명 맞게 할 것""",1,4.460817030840428e-59,4.070495540269323e-58
506,01100801.20201230083235001,바이든 ”하루 100만명씩.. 취임 후 100일 내 1억명 백신 맞히겠다”,1,4.460817030840428e-59,4.070495540269323e-58
507,https://www.nytimes.com/2021/01/01/us/politics/trump-georgia-senate.html?searchResultPosition=1,트럼프는 조지아 상원의 종족의 불법적이고 무효로 전화를합니다.,0,1.267840454727442e-72,4.627617659331603e-71
508,02100311.20210102103133001,"트럼프 거부권 무효화...미 상원, 국방수권법 재의결",1,1.267840454727442e-72,2.3138088296658016e-71
509,08100401.20210102054003001,"미 의회, 트럼프 거부권 첫 무효화...상원도 국방수권법 재의결",1,1.267840454727442e-72,2.3138088296658016e-71
510,https://www.nytimes.com/2021/01/01/us/politics/trump-new-years-eve-mar-a-lago.html?searchResultPosition=8,트럼프 또는 마스크가 없으면 Mar-A-Lago가 파티를 받았습니다.,0,1.0241533632431202e-54,3.7381597754952403e-53
511,01100611.20210103081323001,"트럼프 떠난 리조트서 노마스크 파티, 프랑스에선 36시간 광란의 파티",1,1.0241533632431202e-54,7.47631955099048e-54
512,01100701.20210103210421001,확진 느는데… 트럼프 주최 파티서 500명 ‘노 마스크 송년회’,1,1.0241533632431202e-54,7.47631955099048e-54
513,02100101.20210102224704001,트럼프 가족·친지 500여명 `노마스크` 송년파티…입장권은 1천달러,1,1.0241533632431202e-54,7.47631955099048e-54
514,02100601.20210102233300001,"트럼프가 주최한 송년파티, 마스크도 없이 500명 '다닥다닥'",1,1.0241533632431202e-54,7.47631955099048e-54
515,08100401.20210102230403001,트럼프 불참에도 수백 명 마러라고에서 '노마스크' 송년파티,1,1.0241533632431202e-54,7.47631955099048e-54
516,https://www.nytimes.com/2021/01/03/us/politics/trump-georgia-call-excerpts.html?searchResultPosition=8,조지아 국무 장관과의 트럼프의 전화 하이라이트,0,3.855907447228632e-48,1.4074062181096328e-46
517,01100801.20210104073038001,"“내 1만 1780표 찾아내라” WP, 트럼프와 조지아 장관 통화 공개",1,3.855907447228632e-48,2.0105803115851901e-47
518,01100801.20210105031559001,"대선불복 트럼프, 조지아州 장관에 “표 다시 계산하라”",1,3.855907447228632e-48,2.0105803115851901e-47
519,01101001.20210104132843003,"트럼프, 조지아주 국무장관에 “졌을 리 없다…1만1780표 찾아내고파” 압박",1,3.855907447228632e-48,2.0105803115851901e-47
520,01101101.20210104094600001,"""표 계산 다시 해""… '대선 불복' 트럼프, 조지아 장관에 전화로 압력",1,3.855907447228632e-48,2.0105803115851901e-47
521,02100701.20210104072059001,"“내가 원하는 건 1만1780표 찾는 것” 트럼프, 대선 뒤집으려 조지아주 국무장관 협박도",1,3.855907447228632e-48,2.0105803115851901e-47
522,02100701.20210105104414001,바이든 “권력은 국민이 주는 것”…‘州 국무 전화 협박’ 트럼프 정면 비판,1,3.855907447228632e-48,2.0105803115851901e-47
523,02100701.20210106113932001,‘트럼프 전화압력’ 수사 압박감?…조지아 한인 검사장 돌연 사의,1,3.855907447228632e-48,2.0105803115851901e-47
524,https://www.nytimes.com/2021/01/04/briefing/britain-covid-19-trump.html?searchResultPosition=10,"영국, 트럼프, 코로나 바이러스 : 당신의 화요일 브리핑",0,3.603419300837464e-86,1.3152480446852915e-84
525,08100401.20210104104603001,"미국 코로나19 사망자 35만 명 넘어서...트럼프 ""코로나 통계 과장""",1,3.603419300837464e-86,1.3152480446852915e-84
526,https://www.nytimes.com/2021/01/05/us/politics/dc-protests.html?searchResultPosition=3,폭력에 대한 두려움 속에 모이는 프로 트럼프 시위대,0,1.5695104623328857e-45,5.728713186990691e-44
527,01100611.20210107140332001,"트럼프 지지 시위대, 美 의사당 난입 폭력 사태로 4명 사망(종합)",1,1.5695104623328857e-45,7.160891483738364e-45
528,01100701.20210107190239001,시위대 총성 속 “우리가 이겼다”…'난장판' 된 의사당 [트럼프 지지자 美 의회 난입],1,1.5695104623328857e-45,7.160891483738364e-45
529,01100901.20210108083639001,"트럼프가 선동했는데…백악관 ""트럼프, 의회난입 폭력 규탄""",1,1.5695104623328857e-45,7.160891483738364e-45
530,02100311.20210107145459001,"'의사당 폭력' 시위대에 분노한 한국계 미 의원 4인...""트럼프 선동 쿠데타""",1,1.5695104623328857e-45,7.160891483738364e-45
531,02100601.20210107170130002,"트럼프, 폭력시위대를 '애국자'라 칭하자…트위터는 계정 정지, 페이스북은 영상 삭제",1,1.5695104623328857e-45,7.160891483738364e-45
532,02100701.20210107193010001,폭력 사태 속 바이든 승리 확정…향후 트럼프 행보는?,1,1.5695104623328857e-45,7.160891483738364e-45
533,02100701.20210108090330001,"트럼프, ‘의회 폭력 점거’ 선동 혐의로 기소될까?…美 검찰, 트럼프 수사 착수",1,1.5695104623328857e-45,7.160891483738364e-45
534,02100851.20210107211700001,​[뉴욕증시 선물] '상승 유지' 시장은 이미 바이든 편...트럼프 폭력 시위대 영향 '미미',1,1.5695104623328857e-45,7.160891483738364e-45
535,https://www.nytimes.com/2021/01/05/us/politics/pence-trump-election-results.html?searchResultPosition=5,펜스는 트럼프에게 선거 결과를 변화시키는 힘이 부족하다고 말했습니다.,0,1.3178648435810233e-37,4.810206678630463e-36
536,01100101.20210106143245001,"곤혹스러운 넘버2…트럼프, 펜스에 “선거인단 투표결과 거부 권한 있다” 압박",1,1.3178648435810233e-37,4.008505565525385e-37
537,01100501.20210106122004001,"“대선결과 뒤집어라” 트럼프, 펜스 부통령 압박",1,1.3178648435810233e-37,4.008505565525385e-37
538,01100611.20210106134750001,트럼프 “부통령이 대선 뒤집기 가능” vs 펜스 “그런 힘 없다”,1,1.3178648435810233e-37,4.008505565525385e-37
539,01100701.20210106133029001,“대선 결과 번복” 트럼프 요구에… 펜스 “그런 권한 없어”,1,1.3178648435810233e-37,4.008505565525385e-37
540,01100701.20210107130239002,지지자들에 “우리는 이겼다”… 문제가 된 트럼프의 ‘말말말’,1,1.3178648435810233e-37,4.008505565525385e-37
541,01100801.20210106073042001,"트럼프, 이젠 펜스만 바라본다...“대선 최종결과 거부하라” 압박",1,1.3178648435810233e-37,4.008505565525385e-37
542,01100801.20210107181650001,"트럼프 “선거 결과 반대하지만, 질서있는 정권 이양”",1,1.3178648435810233e-37,4.008505565525385e-37
543,01100901.20210106182813001,"트럼프 선거 뒤집기 요구에···펜스, 면전서 거부 ""권한 없다""",1,1.3178648435810233e-37,4.008505565525385e-37
544,02100201.20210107201110001,"트럼프, 평화적 정권 이양 말하면서 ""결과 인정 못해""",1,1.3178648435810233e-37,4.008505565525385e-37
545,02100601.20210106171902002,"'선거 사기' 외친 트럼프 ""부통령에 거부권 있다""…펜스는 ""바꿀 힘 없다""",1,1.3178648435810233e-37,4.008505565525385e-37
546,02100601.20210107181147001,"[속보] 트럼프 ""선거 결과 동의 않지만 1월20일 질서있는 정권 이양""",1,1.3178648435810233e-37,4.008505565525385e-37
547,08100401.20210106081403001,"트럼프, 펜스 부통령에 ""선거 인증 거부"" 압박",1,1.3178648435810233e-37,4.008505565525385e-37
548,https://www.nytimes.com/2021/01/06/opinion/trump-capitol-dc-protests.html?searchResultPosition=4,트럼프는 국회 의사당 공격을 비난하는 것입니다,0,4.460817030840428e-59,1.6281982161077293e-57
549,01101101.20210107115047001,"오바마 ""美 의사당 폭력 사태, 트럼프 대통령이 선동한 것""",1,4.460817030840428e-59,4.070495540269323e-58
550,01101101.20210108110102002,"""트럼프, 지지자들 의사당 난입으로 상황 더 어려워질 것""",1,4.460817030840428e-59,4.070495540269323e-58
551,02100201.20210107111509001,美의사당 난입 '트럼프 지지자'와 다정한 '셀카'…경찰에 비난 폭주,1,4.460817030840428e-59,4.070495540269323e-58
552,02100801.20210107165023001,시위대 美 국회의사당 난입…트럼프 책임론·부실 대응 도마 위,1,4.460817030840428e-59,4.070495540269323e-58
553,https://www.nytimes.com/2021/01/07/us/politics/trump-republicans.html?searchResultPosition=6,공화당은 트럼프에서 완전한 휴식을 취할 지 여부를 검사합니다.,0,3.603419300837464e-86,1.3152480446852915e-84
554,02100801.20210107232804001,"美 공화가 막아선 법관, 트럼프 기소 여부 다룬다",1,3.603419300837464e-86,1.3152480446852915e-84
555,https://www.nytimes.com/2021/01/08/us/politics/police-officer-killed-capitol.html?searchResultPosition=7,"그는 경찰관이되는 것을 꿈꿨다. 그 다음, 프로 트럼프 폭도들이 사망했다.",0,3.603419300837464e-86,1.3152480446852915e-84
556,02100601.20210108153422001,의회폭동 진압 나선 경찰관 1명 사망…트럼프 퇴진 압박↑,1,3.603419300837464e-86,1.3152480446852915e-84
557,https://www.nytimes.com/2021/01/11/opinion/trump-twitter-facebook-parler.html?searchResultPosition=1,트럼프는 트위터에서 쫓겨났습니다.,0,3.603419300837464e-86,1.3152480446852915e-84
558,02100701.20210112091608001,트럼프 트위터 계정 가치는 3조원?..영구 정지 발표에 트위터 주가 6%↓,1,3.603419300837464e-86,1.3152480446852915e-84
559,https://www.nytimes.com/2021/01/12/us/pence-25th-amendment.html?searchResultPosition=7,펠로시 (Pelosi)의 편지에서 펜스는 그에게 능력의 트럼프를 스트리핑하기 위해 집의 노력을 거부합니다.,0,8.451158802247114e-31,3.0846729625378605e-29
560,01100401.20210114030405001,美하원 ‘트럼프 대통령직 박탈’ 결의안 통과… 펜스는 수용 거부,1,8.451158802247114e-31,1.814513507375212e-30
561,01100401.20210115030418001,‘트럼프 저격수’ 펠로시 “그는 명백한 국가위험” 탄핵안 서명,1,8.451158802247114e-31,1.814513507375212e-30
562,01100611.20210113114802001,"펜스, ‘트럼프 직무박탈’ 수정헌법 25조 발동 공식 거부",1,8.451158802247114e-31,1.814513507375212e-30
563,01100701.20210113190609001,"펜스 ‘트럼프 직무 박탈’ 거부… 하원, 탄핵 추진 가속",1,8.451158802247114e-31,1.814513507375212e-30
564,01100801.20210111221538001,"“트럼프 쫓아내라”... 펠로시, 펜스에 24시간 최후통첩",1,8.451158802247114e-31,1.814513507375212e-30
565,01100801.20210113180058001,"펜스 부통령, 美의사당 난입 사태 후 트럼프와 결별...그의 미래는?",1,8.451158802247114e-31,1.814513507375212e-30
566,01100901.20210112000316001,"“트럼프 직무박탈 안하면 탄핵 표결” 펠로시, 펜스 부통령에 최후통첩",1,8.451158802247114e-31,1.814513507375212e-30
567,01100901.20210113110431001,"펜스, 트럼프 축출 거부 ""수정헌법 25조 발동하지 않겠다""",1,8.451158802247114e-31,1.814513507375212e-30
568,02100101.20210111173525001,"""트럼프 내쫓아라"" 펠로시, 펜스에 최후통첩",1,8.451158802247114e-31,1.814513507375212e-30
569,02100101.20210112160702001,"오바마 편지에 감동했던 트럼프, 바이든에게 편지 남길까",1,8.451158802247114e-31,1.814513507375212e-30
570,02100201.20210113072741001,"""트럼프 쫓아내라"" 궁지 몰린 펜스...트럼프는 ""마녀사냥""",1,8.451158802247114e-31,1.814513507375212e-30
571,02100311.20210113172729001,펜스 '트럼프 직무박탈' 거부에 결국 탄핵 추진…통과 가능성은,1,8.451158802247114e-31,1.814513507375212e-30
572,02100701.20210115114805001,트럼프의 37년 주치의 사망…트럼프 ‘발모 노력’ 폭로했다 갈등,1,8.451158802247114e-31,1.814513507375212e-30
573,02100851.20210113095625001,"[속보] 펜스 부통령, 수정헌법 25조 발동 거부...트럼프 직무정지 무산",1,8.451158802247114e-31,1.814513507375212e-30
574,02100851.20210113102018001,"[상보] 펜스 ""수정헌법 25조 발동 거부""...트럼프 직무 계속",1,8.451158802247114e-31,1.814513507375212e-30
575,07101201.20210113135009001,"펜스, `트럼프 직무박탈` 수정헌법 25조 발동 공식 거부",1,8.451158802247114e-31,1.814513507375212e-30
576,08100401.20210113222404001,펜스 '트럼프 직무박탈' 거부...美 의회 결국 탄핵표결 수순,1,8.451158802247114e-31,1.814513507375212e-30
577,https://www.nytimes.com/2021/01/12/us/trump-georgia-election.html?searchResultPosition=3,조지아에서 트럼프의 선거에 대한 트럼프 공격은 여전히 공화당을 유용합니다.,0,1.267840454727442e-72,4.627617659331603e-71
578,02100701.20210114135956001,트럼프 지지 공화당원 92% “2024년 트럼프 재출마해야”…기성 공화당원 58% “반대”,1,1.267840454727442e-72,2.3138088296658016e-71
579,08200101.20210113220321002,반성 없는 트럼프…공화당내 반트럼프 정서 확대,1,1.267840454727442e-72,2.3138088296658016e-71
580,https://www.nytimes.com/2021/01/12/world/americas/cuba-terrorism-trump-biden.html?searchResultPosition=2,"쿠바, 공포 지정으로 분노했지만 과거의 트럼프를 찾고 있습니다.",0,3.1450512378253567e-43,1.1479437017011855e-41
581,01100611.20210113051241002,트럼프 또 ‘몽니’… 쿠바 테러지원국 재지정,1,3.1450512378253567e-43,1.275493001890206e-42
582,01100701.20210112181443002,"美, 쿠바 5년여 만에 테러지원국 재지정… 트럼프, 임기말 오바마 흔적 지우기",1,3.1450512378253567e-43,1.275493001890206e-42
583,01100701.20210113050306001,트럼프 “탄핵 추진 엄청난 분노 야기”… NYT “트럼프를 탄핵하라” 사설,1,3.1450512378253567e-43,1.275493001890206e-42
584,01100901.20210112073926001,"트럼프 행정부, 쿠바 '테러 지원국' 재지정",1,3.1450512378253567e-43,1.275493001890206e-42
585,01100901.20210112140413001,"트럼프, 쿠바 테러지원국 재지정…바이든 취임 전 또 '대못'",1,3.1450512378253567e-43,1.275493001890206e-42
586,01101101.20210112095519001,"바이든은 '해빙' 내비쳤는데... 트럼프, 쿠바 테러지원국 재지정 '대못'",1,3.1450512378253567e-43,1.275493001890206e-42
587,01101101.20210114053028001,'분노·공포'로 도배된 트럼프 트위터 11년여의 기록,1,3.1450512378253567e-43,1.275493001890206e-42
588,02100201.20210112064645001,"임기 9일 남긴 트럼프, 쿠바 테러지원국 재지정",1,3.1450512378253567e-43,1.275493001890206e-42
589,02100801.20210112080619001,"트럼프 행정부, 쿠바 테러지원국으로 재지정…""바이든에 부담""",1,3.1450512378253567e-43,1.275493001890206e-42
590,https://www.nytimes.com/2021/01/13/us/politics/impeachment-briefing-trump-is-impeached-again.html?searchResultPosition=8,탄핵 브리핑 : 트럼프는 다시 탄력이 있습니다,0,1.2678404547274436e-27,4.62761765933161e-26
591,01100201.20210112090344001,"트럼프 탄핵 급물살 탈수도…바이든, ‘탄핵·경제회복’ 동시추진 시사",1,1.2678404547274436e-27,2.3138088296658044e-27
592,01100201.20210114084742001,"‘두 번째’ 탄핵당한 트럼프, 탄핵 언급 없이 “폭력을 규탄한다”",1,1.2678404547274436e-27,2.3138088296658044e-27
593,01100401.20210114063929001,"트럼프 탄핵안, 美하원 통과…두 번 탄핵된 첫 대통령 ‘오명’",1,1.2678404547274436e-27,2.3138088296658044e-27
594,01100501.20210112115003004,美하원 트럼프 탄핵안 발의… 법무부는 “트럼프 기소 검토”,1,1.2678404547274436e-27,2.3138088296658044e-27
595,01100611.20210114064312001,"트럼프 탄핵안, 2번째 하원 통과 ‘오명’… 공화 10명 탄핵 ‘찬성’",1,1.2678404547274436e-27,2.3138088296658044e-27
596,01100611.20210114092336001,"트럼프, 탄핵 직후 ‘의회 난입’ 재차 비난…탄핵 언급은 없어",1,1.2678404547274436e-27,2.3138088296658044e-27
597,01101001.20210114064939001,트럼프 탄핵안 하원 통과…미 사상 첫 ‘두 번 탄핵소추’ 대통령,1,1.2678404547274436e-27,2.3138088296658044e-27
598,01500601.20210114065649001,"[속보] 美 하원, 트럼프 탄핵안 가결…사상 첫 재임 중 2번 탄핵 된 미 대통령",1,1.2678404547274436e-27,2.3138088296658044e-27
599,02100201.20210114014201001,"美하원, 트럼프 탄핵 절차 개시…사상 첫 탄핵소추 2번?",1,1.2678404547274436e-27,2.3138088296658044e-27
600,02100201.20210114080835001,트럼프 탄핵안 하원서 가결됐지만…퇴임 전 탄핵은 불가능,1,1.2678404547274436e-27,2.3138088296658044e-27
601,02100311.20210114134752001,"[임기중 두번째 탄핵안 통과] 트럼프 탄핵, 공화 '반란표' 늘어날까",1,1.2678404547274436e-27,2.3138088296658044e-27
602,02100601.20210112065734001,"[모닝브리핑] 文, 부동산 정책 첫 사과…트럼프 탄핵 절차 착수",1,1.2678404547274436e-27,2.3138088296658044e-27
603,02100601.20210114071040001,트럼프 '탄핵' 가결…박근혜 '국정농단 재판' 오늘 최종결론 [모닝브리핑],1,1.2678404547274436e-27,2.3138088296658044e-27
604,02100701.20210112055947001,"트럼프 대통령 두번째 탄핵 본격화…美 민주, 트럼프 탄핵 카드 꺼내들어 [인더머니]",1,1.2678404547274436e-27,2.3138088296658044e-27
605,02100701.20210114064752001,"[속보] 美 하원, 트럼프 탄핵소추안 가결…임기중 두번째 탄핵 첫 대통령",1,1.2678404547274436e-27,2.3138088296658044e-27
606,02100851.20210114100302001,"트럼프, '탄핵' 없는 탄핵 맞불 메시지...'전략 없이 TV만 보고있어' 증언",1,1.2678404547274436e-27,2.3138088296658044e-27
607,07100501.20210114092701001,"미국 하원, 트럼프 탄핵 소추안 가결...탄핵 결정 여부는 상원으로",1,1.2678404547274436e-27,2.3138088296658044e-27
608,08100401.20210112130606001,美 트럼프 대통령 탄핵 절차 본격 착수...탄핵 가능성은?,1,1.2678404547274436e-27,2.3138088296658044e-27
609,08100401.20210114065402001,"[속보] 美 하원, 탄핵 소추안 가결...트럼프 2번째 탄핵 불명예",1,1.2678404547274436e-27,2.3138088296658044e-27
610,08100401.20210114222803001,"美 하원, 트럼프 탄핵안 가결...""재임 기간 2번 탄핵 최초""",1,1.2678404547274436e-27,2.3138088296658044e-27
611,https://www.nytimes.com/2021/01/13/us/politics/trump-donors.html?searchResultPosition=2,공화당에 압력은 탄핵 전투에서 벅 트럼프를 타고 있습니다.,0,3.8933848529080584e-16,1.4210854711813714e-14
612,01100201.20210114040450001,"공화 상원수장도 등 돌려… 트럼프 “탄핵, 엄청난 분노 부를 것”",1,3.8933848529080584e-16,3.9474596421704756e-16
613,01100201.20210114103212001,"바이든, 트럼프 탄핵 ‘블랙홀’ 안고 취임…상원, 탄핵 여부 예측불허",1,3.8933848529080584e-16,3.9474596421704756e-16
614,01100401.20210113144816001,"‘공화당 실세’ 맥코넬 “트럼프, 탄핵될 만한 위법 저질러”…등 돌려",1,3.8933848529080584e-16,3.9474596421704756e-16
615,01100501.20210113120003005,"트럼프 “탄핵, 엄청난 분노 유발” 적반하장… 공화 ‘찬성론’ 확산",1,3.8933848529080584e-16,3.9474596421704756e-16
616,01100611.20210111133248001,공화당서도 “트럼프 하야해야”…탄핵·직무정지는 사실상 불가능,1,3.8933848529080584e-16,3.9474596421704756e-16
617,01100611.20210114051219001,공화 1인자도 등 돌렸나… 심상치 않은 ‘트럼프 탄핵 찬성’ 기류,1,3.8933848529080584e-16,3.9474596421704756e-16
618,01100611.20210114180351001,트럼프 이번엔 탄핵될까…공화당 1인자 입에 달렸다,1,3.8933848529080584e-16,3.9474596421704756e-16
619,01100701.20210113092656001,"공화 하원의원 3인, '트럼프탄핵안 찬성' 공식선언",1,3.8933848529080584e-16,3.9474596421704756e-16
620,01100701.20210113123241001,미 공화당 ‘방화벽’ 무너져… 트럼프 2차 탄핵 초읽기 돌입,1,3.8933848529080584e-16,3.9474596421704756e-16
621,01100701.20210114091510001,'트럼프 탄핵' 공화 하원 10명 이탈…'철벽' 상원 관문도 넘을까,1,3.8933848529080584e-16,3.9474596421704756e-16
622,01100801.20210113093128001,“공화 원내대표도 엄호 안해줄 것” 트럼프 탄핵안 오늘 하원 투표,1,3.8933848529080584e-16,3.9474596421704756e-16
623,01100801.20210114064611001,"美하원, 트럼프 두번째 탄핵했다...공화당 의원도 10명 찬성",1,3.8933848529080584e-16,3.9474596421704756e-16
624,01100801.20210115031513001,트럼프 탄핵안 찬성표 던진 ‘공화당 넘버3’,1,3.8933848529080584e-16,3.9474596421704756e-16
625,01101101.20210111163147002,"""트럼프와 결별 조짐?""... 탄핵 속도전에 흔들리는 美 공화당",1,3.8933848529080584e-16,3.9474596421704756e-16
626,01101101.20210113122130001,"돌아선 美공화 하원의원 3명 ""트럼프 탄핵안 찬성 투표할 것""",1,3.8933848529080584e-16,3.9474596421704756e-16
627,01101101.20210113163234001,내란 선동 트럼프 '손절'...美 하원 공화당 탄핵 열차 올라탄다,1,3.8933848529080584e-16,3.9474596421704756e-16
628,01500601.20210113083207001,"공화당 의원들, 트럼프 탄핵 속속 찬성…지도부도 공개 성명",1,3.8933848529080584e-16,3.9474596421704756e-16
629,01500701.20210114192922001,美 하원 ‘트럼프 두 번째 탄핵’ 공화당 10명도 찬성,1,3.8933848529080584e-16,3.9474596421704756e-16
630,02100201.20210113110220001,공화당 3인자도 돌아섰다…높아진 트럼프 탄핵 가능성,1,3.8933848529080584e-16,3.9474596421704756e-16
631,02100201.20210114075659001,美하원 공화당 10명 '트럼프 탄핵안' 찬성…찢어진 여당,1,3.8933848529080584e-16,3.9474596421704756e-16
632,02100311.20210111154457001,"퇴임 10일 앞두고 벼랑 끝 몰린 트럼프…공화당까지 하야 요구 ""내란 선동, 탄핵감""",1,3.8933848529080584e-16,3.9474596421704756e-16
633,02100311.20210114064205001,"美 하원, 트럼프 탄핵안 통과…공화당 의원 10명도 찬성",1,3.8933848529080584e-16,3.9474596421704756e-16
634,02100311.20210114094134001,"공화당 10인 트럼프 탄핵에 찬성...""의회난입 책임져야""",1,3.8933848529080584e-16,3.9474596421704756e-16
635,02100501.20210114175643001,"공화당마저 탄핵으로 돌아서는데… 트럼프는 ""마녀사냥""",1,3.8933848529080584e-16,3.9474596421704756e-16
636,02100601.20210113171708003,美 공화당 1인자도 등돌렸다…'트럼프 탄핵안' 반란표 속출,1,3.8933848529080584e-16,3.9474596421704756e-16
637,02100601.20210114063050001,"[속보] 美 하원, '트럼프 탄핵안' 가결…공화당 10명 찬성",1,3.8933848529080584e-16,3.9474596421704756e-16
638,02100701.20210113114728001,"“매코널, 트럼프 불법 믿어”…美공화도 ‘탄핵열차’ 탑승한다",1,3.8933848529080584e-16,3.9474596421704756e-16
639,02100701.20210114065933001,"美 하원, 트럼프 ‘내란선동’ 탄핵소추안 가결…공화당서 10명 반란표",1,3.8933848529080584e-16,3.9474596421704756e-16
640,02100701.20210114120954002,美하원 ‘트럼프 탄핵열차’ 공화 10명 동승,1,3.8933848529080584e-16,3.9474596421704756e-16
641,02100701.20210115110221001,트럼프 탄핵 찬성 놓고 공화당 내분…1인자 vs 3인자 충돌,1,3.8933848529080584e-16,3.9474596421704756e-16
642,02100801.20210114052610001,"[속보] 공화 상원 일인자 매코널 ""트럼프 탄핵안 살펴 볼 것""",1,3.8933848529080584e-16,3.9474596421704756e-16
643,02100801.20210114062945001,"[속보] 美 공화 의원 10명, 트럼프 탄핵 찬성",1,3.8933848529080584e-16,3.9474596421704756e-16
644,02100851.20210113173926001,"美의회, 트럼프 탄핵 정국 돌입...등 돌린 공화당, '이탈 궤도' 본격화",1,3.8933848529080584e-16,3.9474596421704756e-16
645,07101201.20210114070106001,[속보] 공화당 하원의원 10명도 트럼프 탄핵에 찬성,1,3.8933848529080584e-16,3.9474596421704756e-16
646,08100301.20210114163609001,"트럼프, 또 탄핵 당했다…공화당도 거리두기 나서나?",1,3.8933848529080584e-16,3.9474596421704756e-16
647,08100401.20210113134226001,"공화 하원의원 4인 ""트럼프 탄핵안 찬성"" 공식 선언",1,3.8933848529080584e-16,3.9474596421704756e-16
648,https://www.nytimes.com/2021/01/13/us/politics/trump-impeached.html?searchResultPosition=10,트럼프는 자극적 인 폭동을 위해 탄핵했다,0,1.267840454727442e-72,4.627617659331603e-71
649,02100311.20210112112641001,"힐러리 ""의회폭동 선동한 트럼프, 탄핵만으로 부족…백인우월주의가 문제""",1,1.267840454727442e-72,2.3138088296658016e-71
650,02100851.20210114134419001,"폭동 부추긴 트럼프, 결국 '두 번째' 탄핵소추 당했다...상원 문턱도 넘을까",1,1.267840454727442e-72,2.3138088296658016e-71
651,https://www.nytimes.com/2021/01/14/us/politics/inauguration-security-capitol-riot-investigation.html?searchResultPosition=3,취임식 보안은 D.C에서 강화됩니다. 군대 및 경찰 링크가 폭동에 등장합니다.,0,3.603419300837464e-86,1.3152480446852915e-84
652,08200101.20210115212925003,바이든 취임식 봉쇄강화…취임식은 간소화,1,3.603419300837464e-86,1.3152480446852915e-84
653,https://www.nytimes.com/2021/01/14/us/politics/trump-giuliani.html?searchResultPosition=1,"2 명의 탄핵 후, Giuliani는 트럼프를 위해 열렬한 자신의 열렬한 것을 계속합니다.",0,1.3566768236339051e-34,4.951870405810516e-33
654,01100501.20210114120004009,“트럼프와 트럼프 모델은 앞으로도 안 사라져…바이든 ‘하나 된 미국’으로의 길 쉽지 않을것”,1,1.3566768236339051e-34,3.5370502898646555e-34
655,01100701.20210114161134002,‘트럼프 탄핵 추진’ 美 의사당에 주방위군 2만명 투입… “남북전쟁 연상”,1,1.3566768236339051e-34,3.5370502898646555e-34
656,01100801.20210113064534001,"트럼프 “탄핵 추진, 끔찍한 마녀사냥...엄청난 분노 일으킬 것”",1,1.3566768236339051e-34,3.5370502898646555e-34
657,01100801.20210114071531001,"임기중 2번, 퇴임후 탄핵 절차...최초 기록 쓰는 트럼프",1,1.3566768236339051e-34,3.5370502898646555e-34
658,01100801.20210114230015001,트럼프 탄핵에... 반대한다는 참모 단 한명도 없었다,1,1.3566768236339051e-34,3.5370502898646555e-34
659,01100901.20210114095206001,"하원서 탄핵당한 뒤, 트럼프 ""의회폭력 연루자 재판 넘길 것""",1,1.3566768236339051e-34,3.5370502898646555e-34
660,01100901.20210115182844001,"""트럼프 떠나도 트럼피즘은 남는다…탄핵안, 상원 벽 못 넘을 것""",1,1.3566768236339051e-34,3.5370502898646555e-34
661,01101101.20210113070917001,"'탄핵 위기' 트럼프 ""수정헌법 25조 바이든 괴롭힐 것"" 반격",1,1.3566768236339051e-34,3.5370502898646555e-34
662,02100311.20210114094343001,"美 하원 '트럼프 탄핵' 통과, 공화 10명도 찬성…'철벽' 상원 관문도 넘을까",1,1.3566768236339051e-34,3.5370502898646555e-34
663,02100311.20210114115115001,탄핵안 통과 후 의회 폭도 ‘손절’ 나선 트럼프,1,1.3566768236339051e-34,3.5370502898646555e-34
664,02100601.20210114145317001,"NYT ""美상원서 트럼프 탄핵 가능성""…최소 17명 이탈시 가결",1,1.3566768236339051e-34,3.5370502898646555e-34
665,02100601.20210114171713002,하원서 탄핵 당한 트럼프…퇴임 후 '상원 심판' 받는다,1,1.3566768236339051e-34,3.5370502898646555e-34
666,02100801.20210114085606001,"펠로시, '트럼프 탄핵안' 가결 후 ""누구도 법 위에 있지 않다""",1,1.3566768236339051e-34,3.5370502898646555e-34
667,08100201.20210113064511001,"트럼프 ""탄핵, 분노 일으킬 것""…하원, 직무박탈 표결",1,1.3566768236339051e-34,3.5370502898646555e-34
668,https://www.nytimes.com/2021/01/17/us/politics/trump-pardons.html?searchResultPosition=3,마지막 날에 용서의 전망은 트럼프에 대한 접근을 사기 위해 시장을 연료,0,3.745597165280473e-51,1.36714296520224e-49
669,01100901.20210120082350001,"트럼프 임기 마지막날···둘째딸 티파니, 5세 연하와 약혼 발표",1,3.745597165280473e-51,2.2785716086704004e-50
670,01500701.20210120083221001,"트럼프 대통령 둘째 딸 티파니, 아버지 임기 마지막 날 약혼 발표",1,3.745597165280473e-51,2.2785716086704004e-50
671,02100101.20210120083048001,"트럼프 임기 마지막날 약혼 발표한 둘째딸, 남친은 누구?",1,3.745597165280473e-51,2.2785716086704004e-50
672,02100201.20210119075119001,"트럼프, 백악관 떠나는 마지막날까지 '무더기 사면' 계획",1,3.745597165280473e-51,2.2785716086704004e-50
673,08100101.20210120005121001,"백악관 떠나는 트럼프, 임기 마지막 날 일정은?",1,3.745597165280473e-51,2.2785716086704004e-50
674,08100401.20210120110403002,"트럼프 임기 마지막 날, 둘째 딸 티파니 약혼 발표",1,3.745597165280473e-51,2.2785716086704004e-50
675,https://www.nytimes.com/2021/01/18/us/coronavirus-travel-ban-europe-brazil.html?searchResultPosition=3,트럼프는 유럽과 브라질에서 코로 바이러스 여행 제한을 해제했습니다.,0,3.745597165280473e-51,1.36714296520224e-49
676,02100201.20210119093700001,"트럼프, 26일부터 유럽·브라질 발 입국제한 푼다",1,3.745597165280473e-51,2.2785716086704004e-50
677,02100311.20210119105208001,"쉽게 물러나지 않는다…트럼프, 퇴임 이틀 앞두고 입국제한조치 해제 행정명령",1,3.745597165280473e-51,2.2785716086704004e-50
678,02100501.20210120175010002,"떠나는 마당에… 트럼프 ""코로나 입국제한 해제"" 재뿌려",1,3.745597165280473e-51,2.2785716086704004e-50
679,02100701.20210119132215001,"바이든, ‘美 입국제한 조처 해제’ 트럼프 포고령 반대",1,3.745597165280473e-51,2.2785716086704004e-50
680,02100851.20210119103259001,"바이든vs트럼프, '美-유럽·브라질 여행금지' 해제 놓고 오락가락 힘겨루기",1,3.745597165280473e-51,2.2785716086704004e-50
681,08100401.20210119234403002,"퇴임 이틀 앞둔 트럼프 ""입국 제한 해제""...막판까지 몽니",1,3.745597165280473e-51,2.2785716086704004e-50
682,https://www.nytimes.com/2020/11/05/us/covid-one-day-in-america.html?searchResultPosition=6,"언젠가 미국 : 121,000 명 이상의 코로나 바이러스 케이스",0,3.745597165280473e-51,1.36714296520224e-49
683,02100601.20201104111511001,[속보] 바이든 119명·트럼프 92명 확보…매직넘버 270명[AP],1,3.745597165280473e-51,2.2785716086704004e-50
684,02100601.20201105070246001,"[속보] ""바이든, 매직넘버 270명 중 264명 확보…트럼프 214명""",1,3.745597165280473e-51,2.2785716086704004e-50
685,02100701.20201104102007001,[2020 미국의 선택] 바이든 선거인단 85명 확보…트럼프 55명,1,3.745597165280473e-51,2.2785716086704004e-50
686,02100701.20201104111752001,[속보] 바이든 119명·트럼프 92명 선거인단 확보…매직넘버 270명,1,3.745597165280473e-51,2.2785716086704004e-50
687,02100701.20201105081434002,"“바이든, 매직넘버 270명중 264명 확보…트럼프 214명”",1,3.745597165280473e-51,2.2785716086704004e-50
688,07101201.20201104113301002,[속보] 바이든 119명·트럼프 92명 선거인단 확보…매직넘버 270명,1,3.745597165280473e-51,2.2785716086704004e-50
689,https://www.nytimes.com/2020/11/07/us/kamala-harris-black-women-first.html?searchResultPosition=2,'오랫동안 오는': 흑인 여성들이 해리스의 승천을 축하합니다.,0,4.460817030840428e-59,1.6281982161077293e-57
690,01100701.20201109185559001,‘첫 여성 부통령’ 해리스 흰 정장은 ‘여성 참정권 상징’ [막 오른 ‘바이든 시대’],1,4.460817030840428e-59,4.070495540269323e-58
691,01100901.20201110062003001,"유엔 사무총장도 바이든·해리스 당선 축하…""힘찬 민주주의 활동 축하""",1,4.460817030840428e-59,4.070495540269323e-58
692,02100311.20201108030043001,첫 여성·흑인 부통령…56세 여전사 해리스 새 역사 [미 대선 바이든 승리],1,4.460817030840428e-59,4.070495540269323e-58
693,02100801.20201108094205001,바이든의 '대담한' 선택…'첫 여성·흑인 부통령'된 해리스,1,4.460817030840428e-59,4.070495540269323e-58
694,https://www.nytimes.com/2020/11/10/opinion/biden-trump-marines-leadership.html?searchResultPosition=1,나의 동료 참전 용사는이 선거가 무엇인지 생각 나게했다.,0,3.603419300837464e-86,1.3152480446852915e-84
695,01100701.20201112082945001,"바이든, 한국전 참전기념비 헌화…""참전용사 희생 존경""",1,3.603419300837464e-86,1.3152480446852915e-84
696,https://www.nytimes.com/2020/11/11/us/a-republican-senator-says-biden-should-receive-daily-briefings-and-he-will-step-in-to-ensure-that-occurs.html?searchResultPosition=7,"공화당 상원 의원은 Biden이 매일 브리핑을 받아야한다고 말하면서, 그가 일어나는지 확인하기 위해 '단계'를 할 것입니다.",0,1.0645627427494656e-64,3.8856540106799006e-63
697,01100801.20201113094130001,"공화당 의원들도 ""바이든에 안보 기밀 브리핑해야”",1,1.0645627427494656e-64,1.295218003559967e-63
698,01500601.20201113151525001,"정보브리핑 못받는 바이든, 불복 길어지면 차질 불가피…공화 일각 ""안보·연속성 차원 브리핑 중요""",1,1.0645627427494656e-64,1.295218003559967e-63
699,02100701.20201113125155002,"공화 상원의 안보 걱정 “바이든, 정보 브리핑 받게 해야”",1,1.0645627427494656e-64,1.295218003559967e-63
700,https://www.nytimes.com/2020/11/28/opinion/iran-nuclear-scientist-killed.html?searchResultPosition=2,왜이란의 최고 핵 과학자가 사망 한 이유는 무엇입니까?,0,1.0645627427494656e-64,3.8856540106799006e-63
701,02100501.20201130173749002,이란 핵과학자 암살..트럼프 트윗한 이유?,1,1.0645627427494656e-64,1.295218003559967e-63
702,08100101.20201130215746001,이란 핵과학자 암살…흔들리는 바이든 중동 정책,1,1.0645627427494656e-64,1.295218003559967e-63
703,08100101.20201201124120001,이란 핵과학자 암살…흔들리는 바이든 중동 정책,1,1.0645627427494656e-64,1.295218003559967e-63
704,https://www.nytimes.com/2020/12/07/us/politics/lloyd-austin-biden-defense-secretary.html?searchResultPosition=7,"Biden은 국방 장관으로서의 Lloyd Austin, 이전 이라크 사령관을 탭 할 계획이다.",0,3.745597165280473e-51,1.36714296520224e-49
705,01100201.20201209040836001,"“바이든, 국방장관 오스틴 내정” 美 첫 흑인 국방수장 탄생하나",1,3.745597165280473e-51,2.2785716086704004e-50
706,01100801.20201208103305001,바이든 정부 첫 국방장관에 오스틴 전 사령관 물망…첫 흑인 장관,1,3.745597165280473e-51,2.2785716086704004e-50
707,02100311.20201209094912001,"바이든, 국방장관에 오스틴 지명...'첫 흑인' 국방장관 나오나",1,3.745597165280473e-51,2.2785716086704004e-50
708,02100601.20201209073209001,"바이든, 국방장관에 오스틴 낙점…美 첫 흑인 국방수장",1,3.745597165280473e-51,2.2785716086704004e-50
709,02100701.20201208112315002,"“바이든, 국방장관에 흑인 오스틴 前사령관 낙점”",1,3.745597165280473e-51,2.2785716086704004e-50
710,02100851.20201208111126001,"바이든, 국방장관에 오스틴 낙점...미국 첫 '흑인 국방' 탄생 임박",1,3.745597165280473e-51,2.2785716086704004e-50
711,https://www.nytimes.com/2021/01/05/world/asia/hong-kong-arrests-national-security-law.html?searchResultPosition=10,홍콩 경찰은 수십 명의 프로 민주주의 지도자를 체포합니다.,0,3.603419300837464e-86,1.3152480446852915e-84
712,01100611.20210106163839001,홍콩 범민주진영 50명 체포…‘美 바이든에 끌려 다니지 않겠다’,1,3.603419300837464e-86,1.3152480446852915e-84
713,https://www.nytimes.com/2021/01/07/us/politics/wall-street-journal-editorial-board-urges-trump-to-resign-to-avoid-second-impeachment.html?searchResultPosition=10,월스트리트 저널 편집 보드는 트럼프가 두 번째 탄핵을 피하기 위해 사임을 촉구합니다.,0,3.1450512378253567e-43,1.1479437017011855e-41
714,01100901.20210108073242001,"트럼프 측근 줄사임 속···""악몽 끝내자"" 공화당마저 탄핵론",1,3.1450512378253567e-43,1.275493001890206e-42
715,01101101.20210108170151001,"美 언론도 ""트럼프가 폭력 사태 책임""... 사임 촉구 한 목소리",1,3.1450512378253567e-43,1.275493001890206e-42
716,01101101.20210109101228001,"美 하원 ""트럼프 사임 안 하면 11일 탄핵안 상정 추진""",1,3.1450512378253567e-43,1.275493001890206e-42
717,01500601.20210110063822001,홀로 남은 트럼프…'반란 선동' 트럼프 퇴임전 탄핵 위기,1,3.1450512378253567e-43,1.275493001890206e-42
718,02100601.20210108094350002,"트럼프 퇴임 전 탄핵?…美하원 법사위원장 ""즉각 탄핵하라""",1,3.1450512378253567e-43,1.275493001890206e-42
719,02100601.20210109102316001,"트럼프 바이든 취임식 불참…민주당 ""트럼프 안 내쫓으면 탄핵""",1,3.1450512378253567e-43,1.275493001890206e-42
720,02100801.20210107081933001,"""의사당 난입 사태, 트럼프가 초래""…민주당 하원의원, 트럼프 탄핵 요구",1,3.1450512378253567e-43,1.275493001890206e-42
721,08100401.20210108094207003,"美 하원 법사위원장 ""트럼프 즉각 탄핵하라"" 촉구",1,3.1450512378253567e-43,1.275493001890206e-42
722,08200101.20210108220732003,양당 트럼프 탄핵 추진…트럼프 패배 인정,1,3.1450512378253567e-43,1.275493001890206e-42
723,https://www.nytimes.com/2021/01/08/us/politics/democrats-trump-impeachment.html?searchResultPosition=9,민주당 원은 국회 의사당 폭도를주는 트럼프에 대한 준비 탄핵장,0,1.267840454727442e-72,4.627617659331603e-71
724,02100701.20210107112848001,"상하원 장악한 민주당, 트럼프 재탄핵 시동",1,1.267840454727442e-72,2.3138088296658016e-71
725,08100401.20210107055203001,트럼프 지지자 의사당 난입에 상하원 회의 전격 중단,1,1.267840454727442e-72,2.3138088296658016e-71
726,https://www.nytimes.com/2021/01/09/us/politics/pence-biden-inauguration.html?searchResultPosition=2,펜스는 Biden의 취임식에 참석할 계획입니다.,0,1.0645627427494656e-64,3.8856540106799006e-63
727,02100201.20210110170002001,"펜스 美부통령, 바이든 취임식 참석…트럼프는 '불참'",1,1.0645627427494656e-64,1.295218003559967e-63
728,02100851.20210110110442001,"트럼프 대신 펜스 부통령, 바이든 취임식 참석",1,1.0645627427494656e-64,1.295218003559967e-63
729,02100801.20210108134152001,"""펜스 부통령, 바이든 당선인 대통령 취임식 참석키로""",1,1.0645627427494656e-64,1.295218003559967e-63
730,https://www.nytimes.com/2021/01/16/at-home/how-to-celebrate-martin-luther-kings-birthday.html?searchResultPosition=3,2021 년 마틴 루터 킹의 생일을 축하하는 방법,0,3.603419300837464e-86,1.3152480446852915e-84
731,02100701.20210119053952001,"오바마, 마틴 루터 킹 목사 기리며 ‘의회 난입 선동’ 트럼프 비판 [인더머니]",1,3.603419300837464e-86,1.3152480446852915e-84
